id,full_name,auth_id,created_at,updated_at,deleted_at
b01b4f90-a24f-478a-aa45-38135ac2420b,Irvan,51073b39-b677-427f-8e7e-55ff6d52236a,2024-06-10 08:22:28.367323+00:00,2024-06-10 08:22:28.367323+00:00,
52299d12-3c6e-4cc0-858f-1d825af79dc4,Dr. Shane Heidenreich,89458cdc-21e3-465a-aa04-ded47fb5e5ed,2024-06-16 06:53:31.958929+00:00,2024-06-16 06:53:31.958929+00:00,
725048db-ce01-457d-80d7-f66936f521aa,HRD,1a5cc5b2-27f0-4764-91d7-13b169e0cb71,2024-06-19 15:31:58.798747+00:00,2024-06-19 15:31:58.798747+00:00,
d7bf35e7-3fc3-4511-a2e9-07a9e01000a6,Mrs. Joshua Langosh,07936ea2-5d44-42df-a71b-640f93548e88,2024-06-16 06:55:00.963059+00:00,2024-06-16 06:55:00.963059+00:00,
5e132256-be7b-4564-a950-3389bada4ca3,Dr. Lesley Pfeffer,786f51ba-de02-46d5-af11-80d7a091bf45,2024-06-23 11:07:18.749361+00:00,2024-06-23 11:07:18.749361+00:00,
d48a8e1f-6bb9-44fc-aee9-55b136844e60,Bert Cummings,86e36ba7-b201-4a52-8560-b2efec5330ac,2024-06-16 07:10:52.574944+00:00,2024-06-16 07:10:52.574944+00:00,
2f5c095d-a6b6-4e83-9419-648437b30e45,Mrs. Romeo Wiegand,4ab4225b-fd72-448e-8fa2-72e7877cc6a0,2024-06-16 07:30:34.312311+00:00,2024-06-16 07:30:34.312311+00:00,
862f59bf-5c88-4938-bd99-cf30cb8a2573,Galen McGlynn,8d08b0d9-c866-483e-9a64-09dd304f57ba,2024-06-23 11:24:59.433116+00:00,2024-06-23 11:24:59.433116+00:00,
705e20a7-4f8d-4ad6-86ee-4214fe8e229f,Dr. Rosena Steuber,c1295abd-f0af-41fb-a135-387382f62743,2024-06-16 07:45:16.082482+00:00,2024-06-16 07:45:16.082482+00:00,
2e182677-cf00-4966-af4e-5ee57f0e0103,Francis Baumbach,69558c35-64e1-42e6-aa05-22314b0b221f,2024-06-23 11:27:27.409336+00:00,2024-06-23 11:27:27.409336+00:00,
2d138c91-34d0-497f-9519-174363c64087,Delmer Stark Sr.,d70117a9-cb1b-4afa-a852-c2d82a2a7f70,2024-06-16 07:50:17.875833+00:00,2024-06-16 07:50:17.875833+00:00,
5b2f7cd6-4761-4e34-b22b-d4f3550e06ff,Sonny Davis,7058cf0d-1099-4c06-b7d0-5485f08fbb18,2024-06-16 07:54:06.608789+00:00,2024-06-16 07:54:06.608789+00:00,
8419efb5-10e3-4184-959d-ac6a6c744275,Cornelius Murray,4cd9853d-e7d6-4acb-8970-8e44be4a3108,2024-06-16 07:57:06.897203+00:00,2024-06-16 07:57:06.897203+00:00,
b35d9d16-fc00-4e22-80be-6f962a4a2192,Celina Shields,8ff9a956-19c2-4a78-9bfd-ca8ac458e4f6,2024-06-23 11:41:00.535493+00:00,2024-06-23 11:41:00.535493+00:00,
cc93ebdc-6e95-487a-aa72-b1f56685726d,Chanelle Welch,39585d1b-235c-4ea7-88b4-6f2b49d62fa5,2024-06-16 07:58:29.107541+00:00,2024-06-16 07:58:29.107541+00:00,
b9eb8af7-754c-48ec-ac3b-351bb03ff908,Miss Modesto Padberg,7be68192-108f-43a2-8fec-b42e879960b9,2024-06-16 08:02:30.796290+00:00,2024-06-16 08:02:30.796290+00:00,
e903ab46-cbc5-46fa-ab66-cfb0a5615f11,Ileana Funk,fcaf3f6e-0b05-4df1-811f-bb60caa0496c,2024-06-23 11:45:20.141730+00:00,2024-06-23 11:45:20.141730+00:00,
f1e3b8c3-57d4-45e9-b361-81e56edb0c66,Brandi Daniel,aa7c0a16-4406-43a4-9276-991035607ee0,2024-06-16 08:13:31.638726+00:00,2024-06-16 08:13:31.638726+00:00,
eb1ad938-52c5-4b26-9fe3-73ffa9310a04,Miss Russ Pfannerstill,9720f00e-8974-44b5-bf15-b054c8fc2939,2024-06-16 08:15:29.590091+00:00,2024-06-16 08:15:29.590091+00:00,
99d5b480-399f-4ba5-a861-0ac3854df040,Dedra Weber,c61542cb-38d1-4de9-936c-42c6c5b8d035,2024-06-23 11:56:48.792387+00:00,2024-06-23 11:56:48.792387+00:00,
4831554c-deac-4699-b3a6-cbb3ea3888e2,Cecil Batz,c9be8186-14b5-4832-af40-62fb5c897b37,2024-06-16 08:26:43.795170+00:00,2024-06-16 08:26:43.795170+00:00,
26ca1790-387f-4d26-80aa-fae74b0a233b,Lenard Stokes,23483c99-2665-4cfe-b984-0e216dc7d857,2024-06-16 08:28:03.382978+00:00,2024-06-16 08:28:03.382978+00:00,
bf33e5b9-e39d-4bb9-a8e3-3e81c85f057e,Sallie Friesen PhD,4a5c7260-d49f-4cd3-a4fd-ddf320bbf63a,2024-06-23 12:02:29.276694+00:00,2024-06-23 12:02:29.276694+00:00,
c54b1000-0b2c-466a-9c88-258a0ee4cdf1,Whitney Schneider,36762b09-f2bc-4c9d-8989-8e0d505c8ff9,2024-06-16 08:32:45.370866+00:00,2024-06-16 08:32:45.370866+00:00,
3360db12-a17b-4c2a-b8b3-0c947d527ce7,Tambra Cormier,2fbc0241-873b-4075-b6af-331f75a190e6,2024-06-16 08:36:48.151963+00:00,2024-06-16 08:36:48.151963+00:00,
d4c384dc-68e1-48a4-a395-3339cf344956,Synthia Zieme,3a93b5f0-f40c-416b-9109-2eb02784bdea,2024-06-23 12:06:06.038816+00:00,2024-06-23 12:06:06.038816+00:00,
7138f80f-8d8a-43f9-8661-f1d18f1b95ad,Vasiliki O'Connell,5077358c-12d3-4fad-a2e3-c41bbc956df3,2024-06-16 08:39:01.201141+00:00,2024-06-16 08:39:01.201141+00:00,
ff4ddbe1-6f00-4539-abb5-5b6224508fc1,Carole DuBuque,7d4145c9-0560-43c3-b610-82da010ad713,2024-06-16 08:41:48.152294+00:00,2024-06-16 08:41:48.152294+00:00,
f02e01ae-2608-4eaf-98f5-d5bd4e3027c6,Ken Christiansen,0945ad66-15c6-4cf3-8281-ae57d2078c2e,2024-06-16 08:43:23.920596+00:00,2024-06-16 08:43:23.920596+00:00,
a6682a11-50e8-4227-ab37-c80948b728d2,Mrs. Theo Rodriguez,df6131a3-d53f-44a4-a09b-cee0a2e9e4d1,2024-06-23 12:11:57.237681+00:00,2024-06-23 12:11:57.237681+00:00,
4b656f0c-b813-4bc7-94e7-c992f914d1a5,Mrs. Rueben Price,134b0a8f-98ca-4842-8b13-75f0d45c7ba5,2024-06-16 08:49:53.984541+00:00,2024-06-16 08:49:53.984541+00:00,
9868c8af-a846-4338-8b64-c1320646dbc6,Sebastian Zboncak MD,79058f4b-81cd-4829-aa3d-b6975f3ae32e,2024-06-16 08:59:49.859537+00:00,2024-06-16 08:59:49.859537+00:00,
d9e4475d-2d5d-4a6e-9fdc-ffb40ba908cb,Florencio Spinka,0338d390-b8ed-4f5e-a112-19ab7b71c047,2024-06-23 12:19:10.826398+00:00,2024-06-23 12:19:10.826398+00:00,
984e6a9a-85d4-4f01-b8b6-14d2b86a58d1,Charleen Armstrong,21ce5067-6ac5-45ad-aa71-814382484de2,2024-06-16 09:02:54.688045+00:00,2024-06-16 09:02:54.688045+00:00,
00f54c57-4ab0-4785-9666-1f08cffb4795,Isabel Roob,e09bc57a-1afa-41c0-81ae-2bec74d2c9c5,2024-06-16 09:07:25.537671+00:00,2024-06-16 09:07:25.537671+00:00,
58e5c466-3756-4921-8f88-57904da5a4f6,Carmen Kuhn,40fcf627-e450-47d2-8b71-0368f4bfba45,2024-06-23 12:28:17.573833+00:00,2024-06-23 12:28:17.573833+00:00,
db699822-1fd0-4535-8b0e-9d643e2048b9,Casimira Kautzer,42279e93-39b8-48b8-98b9-d364e4b68bcb,2024-06-16 09:11:04.053903+00:00,2024-06-16 09:11:04.053903+00:00,
7f491ca8-66ec-455c-9537-b7470d3d8a3a,Ashley Kessler,e90907e6-f8f2-4a1f-8b22-71510ce7136e,2024-06-16 09:13:55.406113+00:00,2024-06-16 09:13:55.406113+00:00,
aa9b68f5-c7a0-4d71-9108-e253d27bdc62,Mrs. Jake Gerhold,eccfc4dc-9b38-4aa1-9303-8f35688e03ca,2024-06-16 09:16:23.834571+00:00,2024-06-16 09:16:23.834571+00:00,
3c5f5e2e-2e2b-478b-a52c-558d887e2344,Gerardo Dach,c7b576e8-b214-4044-9003-16470caea677,2024-06-23 12:33:08.315414+00:00,2024-06-23 12:33:08.315414+00:00,
10b50c27-0425-42ca-8f48-25952237f7e3,Edmundo Heathcote,0b000987-38a5-4ac7-82f4-11cfddffb1e0,2024-06-16 09:30:11.255370+00:00,2024-06-16 09:30:11.255370+00:00,
df6ab9f4-7d52-45cc-ba2d-5ea79145afa1,Lee Mraz Jr.,e8c2a8dd-0a29-4bbb-8b00-77259049e519,2024-06-16 10:35:42.014079+00:00,2024-06-16 10:35:42.014079+00:00,
b3c87859-d515-4d67-b884-483ac2fe64bc,Gabriele Stoltenberg II,cd77ed44-96e1-4adb-be2a-10341b5ca96e,2024-06-23 12:54:37.894179+00:00,2024-06-23 12:54:37.894179+00:00,
a947c938-dada-4aa2-8093-2443d722f2d1,Gaylene Mante Jr.,2df7c67b-4af8-454c-a87b-83d2e83c74ec,2024-06-17 17:09:18.972270+00:00,2024-06-17 17:09:18.972270+00:00,
90322285-936e-488e-b7a8-1d6b28a17357,Eden Buckridge,ab7c52c0-7e2f-4c53-9661-bf410db16711,2024-06-17 17:10:26.199849+00:00,2024-06-17 17:10:26.199849+00:00,
8d3f4bc6-1961-4d19-88cf-555a17d1b853,Iva Fisher Sr.,2d1e314c-c363-4795-8256-cb67b464238c,2024-06-23 13:00:23.593177+00:00,2024-06-23 13:00:23.593177+00:00,
3d81b94d-f479-4bc4-9f2e-a76993398625,Royce Murphy,454d1bc4-279a-45fd-867e-e519cefe0fdd,2024-06-17 17:43:41.895168+00:00,2024-06-17 17:43:41.895168+00:00,
1084a1d7-def4-44d1-9eea-b0952fa21424,Miss Rene Kohler,33757adb-93f4-40dd-bc91-b05a328dd0fb,2024-06-17 17:52:52.383759+00:00,2024-06-17 17:52:52.383759+00:00,
46245364-8843-4668-b111-a8e4e13b1c52,Lekisha Ritchie,969e942b-f632-41ee-b242-307285740355,2024-06-17 18:27:21.132407+00:00,2024-06-17 18:27:21.132407+00:00,
d0823247-bf55-453b-891a-d442e12f6bec,Trish Schmitt,cadf472f-5133-4681-8ef6-99e6c2a92890,2024-06-22 18:38:36.701626+00:00,2024-06-22 18:38:36.701626+00:00,
eea47383-ee79-455c-86a2-15ffa350814e,Thanh Kovacek,2754428d-5bc0-47cc-8170-efe55544987c,2024-06-17 18:29:09.567434+00:00,2024-06-17 18:29:09.567434+00:00,
c9294456-2b30-4901-89aa-80eec9cff655,Mervin Flatley IV,9ef70d1d-d0a3-49ce-a4fe-7ebfdeb92bf7,2024-06-17 18:37:08.259429+00:00,2024-06-17 18:37:08.259429+00:00,
068d9bc1-88c9-4f47-ab19-e9fd57a62a79,Dr. Lino Bradtke,0570d7c5-8e1a-4598-abcf-4af750e52170,2024-06-22 18:47:50.376787+00:00,2024-06-22 18:47:50.376787+00:00,
a225ea80-8ff3-4568-9bf7-8e9b2084ea70,Verona Waelchi,a87efd65-2a77-4742-bfee-e0b30d92c8a8,2024-06-17 18:40:46.656538+00:00,2024-06-17 18:40:46.656538+00:00,
3540b5ea-5ad4-42e4-8b6f-3f8285776b38,Alva Gerlach,17949d88-3310-4b61-8850-4efbc3548422,2024-06-17 18:53:34.559853+00:00,2024-06-17 18:53:34.559853+00:00,
4599b742-4ca6-4cef-9d1b-c9acb70e7b78,Abraham Larkin,7006432d-8e5f-409d-8a37-947da6c5d99c,2024-06-22 18:55:47.399956+00:00,2024-06-22 18:55:47.399956+00:00,
fea1f069-ccce-4c5a-86d1-6d8a129ee3c8,Ms. Torie O'Connell,64d58849-4cc3-4b7a-a4c6-887271b391bf,2024-06-17 18:56:33.556231+00:00,2024-06-17 18:56:33.556231+00:00,
e6f2d06e-cf05-4f55-b316-420dd3feae9d,Preston Rodriguez,73d44c56-c1fa-485d-8944-0da76780160a,2024-06-18 08:48:03.829613+00:00,2024-06-18 08:48:03.829613+00:00,
f0c9bc3c-5320-4bef-88a7-98e1e082822f,Florentino Pfannerstill II,cf5e15c7-daae-4851-b081-5cd406bba72b,2024-06-22 19:03:12.036791+00:00,2024-06-22 19:03:12.036791+00:00,
8edb956f-cd6d-426f-9fe1-da9e4f445a14,Harlan Kilback,e0482d64-f657-4f5e-9b58-2942b7d41c00,2024-06-18 17:18:48.902489+00:00,2024-06-18 17:18:48.902489+00:00,
e5748b10-3435-427a-b91c-771b7c13ac52,Abe Hilll,3ec6957a-a383-44cd-9cd2-4bf2a5773a36,2024-06-18 18:07:23.532993+00:00,2024-06-18 18:07:23.532993+00:00,
ee834d83-03e6-4cf0-ad5f-aa1b95feff51,Ms. Florencia Schmidt,9bf6a3b7-db6b-41b4-acaa-f672ab9e885c,2024-06-22 19:05:57.151004+00:00,2024-06-22 19:05:57.151004+00:00,
0b664e11-87c5-4ab1-aac3-9930e4c40b19,Edgardo Cartwright,f5165750-627a-469a-9fe8-42fc5ab1dc18,2024-06-18 18:25:02.566997+00:00,2024-06-18 18:25:02.566997+00:00,
fe3ab6ed-39ca-4247-b127-04925bc4d350,Gregoria Prohaska,862b1290-1532-4558-b950-7f2c885ba5d4,2024-06-18 18:27:46.328896+00:00,2024-06-18 18:27:46.328896+00:00,
ce6cc127-54cb-40de-b97e-8b6a24229bb2,Mrs. Pamula Boyle,2be9dc62-f3fa-4e67-b6a4-27c8dd381bdd,2024-06-22 19:17:00.380419+00:00,2024-06-22 19:17:00.380419+00:00,
d7618105-2cb8-4f6a-aba3-3cb5bd027e78,Carla McCullough,c0e3b291-7a5f-4f45-a014-cacb7a790134,2024-06-18 18:36:49.643977+00:00,2024-06-18 18:36:49.643977+00:00,
6515d070-036c-475a-9892-8a29a29345c5,Alex Davis,d52eab2e-837a-459c-a096-cf00b8bc34a8,2024-06-18 18:40:06.156897+00:00,2024-06-18 18:40:06.156897+00:00,
61f7a036-dbf0-496e-8e56-c843cae37a73,Valentine Lynch,919974ca-fc33-4a00-9ba4-b248328f446c,2024-06-22 19:30:13.084312+00:00,2024-06-22 19:30:13.084312+00:00,
8214920b-61f4-4d6b-937b-dcc1f024159d,Charles Bode,4e7d10c8-c962-4021-8ea1-2a8d30c569fa,2024-06-18 18:44:46.775351+00:00,2024-06-18 18:44:46.775351+00:00,
4d51cb11-4a13-467b-947f-ffd76a2a1e26,Hanna Kub,a00f89d5-9989-4a69-9be8-3614a94764d0,2024-06-22 19:33:30.242086+00:00,2024-06-22 19:33:30.242086+00:00,
8207c95b-7505-4add-b2a7-1c0d01df86ca,Mrs. Monroe Yundt,be29576e-ec13-49cf-8e04-680d727b8d76,2024-06-18 18:57:30.741984+00:00,2024-06-18 18:57:30.741984+00:00,
1fb08ff4-8e29-4fe2-87c8-73813cba6281,Melodee Stehr,15a39a82-7fc4-402a-838e-0a0339d5a697,2024-06-18 19:05:05.812567+00:00,2024-06-18 19:05:05.812567+00:00,
1a6b5250-9f4a-45f2-b346-b12cf6694f35,Chia Gutkowski,5f2bb443-910c-49f4-ab79-883abd25a0f4,2024-06-22 20:01:18.141039+00:00,2024-06-22 20:01:18.141039+00:00,
2a04a559-ddf9-408e-99ac-706793f9b829,Shemeka Kertzmann IV,a4dfd4fc-9f48-4a63-b8d2-e88e979db45a,2024-06-18 19:13:52.334738+00:00,2024-06-18 19:13:52.334738+00:00,
033f6396-6c0f-45b6-9bd3-16e6af22cedb,Candyce Hintz,33e3489a-a2d9-4da6-ae15-ae04e45ebe72,2024-06-18 19:17:09.066583+00:00,2024-06-18 19:17:09.066583+00:00,
1e7e3f60-ee80-4bba-9e5c-3caa0eca6e12,Ofelia Barton,916bf966-dada-4962-a0b4-da77b8fc9b3e,2024-06-22 21:26:30.586167+00:00,2024-06-22 21:26:30.586167+00:00,
e6ea5ba7-3dbb-4ce9-8c83-9850b959c26c,Hank Kuphal,5c938a25-8a9f-4e4f-85b4-a2bae5b5fba2,2024-06-18 19:21:51.249643+00:00,2024-06-18 19:21:51.249643+00:00,
21477755-dd16-4f39-be60-0b3f827624af,Ms. Christoper Bartell,bf72b507-b4b8-4f88-9c0e-f72f60299918,2024-06-18 19:25:37.192230+00:00,2024-06-18 19:25:37.192230+00:00,
ee0e36ea-211a-455d-9f38-7970355b8cae,Jordan Conn,fb8d4d6c-a5ab-4ed7-99c3-fa10a4c97423,2024-06-22 21:41:02.017234+00:00,2024-06-22 21:41:02.017234+00:00,
0ba549a4-0d1a-4042-8c51-150cb3ba3e82,Arlen Doyle,6e481f0c-4e2c-4f5d-8292-e0a71b964c8c,2024-06-18 19:27:56.690612+00:00,2024-06-18 19:27:56.690612+00:00,
090aad54-3b24-4e6d-8611-d4dbbb65345a,Tyson Schuster,563456cf-3d58-47e3-aeb1-faf3ff28cac5,2024-06-18 19:32:23.373781+00:00,2024-06-18 19:32:23.373781+00:00,
02089fd4-5070-4ae3-bbb6-971846ff5a89,Parthenia Stoltenberg,d250cac7-aa8f-404c-bf66-400aa5e1a7b6,2024-06-22 21:52:53.591713+00:00,2024-06-22 21:52:53.591713+00:00,
176ce088-070b-4120-ae05-7c8c7a30a14d,Randell Cormier,c575b81f-b04f-4186-a0dc-13f23d7cabd0,2024-06-18 19:36:07.753606+00:00,2024-06-18 19:36:07.753606+00:00,
d95306e3-ca3b-49b5-991f-9fde882570d5,Cleo Altenwerth,3b94ab53-3e8b-4f9c-ad35-b9411e0f4a17,2024-06-18 19:40:53.927221+00:00,2024-06-18 19:40:53.927221+00:00,
abea3f8e-3b17-47ce-9094-03acfd191da4,Dewitt Murphy,b717dff3-92ea-482b-98c5-46c4abaccf7c,2024-06-18 19:43:20.905992+00:00,2024-06-18 19:43:20.905992+00:00,
a85dfd56-6b3c-4110-b34f-304a4e89c16e,Ozie Hirthe,05571ec9-f52c-4db6-8fda-d75238722423,2024-06-22 22:01:54.741742+00:00,2024-06-22 22:01:54.741742+00:00,
d78819cf-f0dc-4be2-b2ab-af4da1e827c3,Jose Borer,9430d811-74f4-46f0-be29-6fad9db79b68,2024-06-18 19:56:36.631676+00:00,2024-06-18 19:56:36.631676+00:00,
b9826e21-a206-47ed-9487-6fce53a8c24c,Miss Lavada Hudson,16ba28a1-0d4d-4e19-844b-8acc84cddc38,2024-06-18 20:04:37.746008+00:00,2024-06-18 20:04:37.746008+00:00,
8b184260-76b8-45bb-9b67-fd5595b2ea84,Carter Williamson,965c5710-ad0d-4601-92cc-fca27a383770,2024-06-22 22:10:15.373930+00:00,2024-06-22 22:10:15.373930+00:00,
07ba2fb4-dbb1-45b5-8015-8f442039f954,Dick Ondricka,e217295e-1050-4b8e-8383-8ae03e23f8ff,2024-06-18 20:11:27.613076+00:00,2024-06-18 20:11:27.613076+00:00,
7e0f0b14-4a85-44b4-a0a2-b3011cb4bdf8,Sonia Robel,7c99055c-e73a-4b88-9adb-43ea200dd6f3,2024-06-18 20:32:55.952384+00:00,2024-06-18 20:32:55.952384+00:00,
8c7e4073-eef1-4ee9-8967-d64b41fdacc7,Sueann Kessler MD,6a499753-8627-4767-9f1d-85f99ad1c962,2024-06-22 22:17:57.553886+00:00,2024-06-22 22:17:57.553886+00:00,
c4cd6e4e-7ec7-4559-8ec0-9d7d5532fab4,Graham Reilly,6ad08a26-7ff3-4d13-8a9c-5b13c8ad2e4d,2024-06-18 20:38:38.403904+00:00,2024-06-18 20:38:38.403904+00:00,
4a6ca5c1-f72b-43f9-a1d8-98ffa2215b6e,Miss Rashad Nader,f1a752b2-23ac-449d-9b66-8f24c47cd007,2024-06-18 20:45:55.346107+00:00,2024-06-18 20:45:55.346107+00:00,
04cf31b5-586e-4c52-8b2f-509e3e49b105,Silas Lindgren,e8bc9618-b87c-4f76-b2cb-41990c763f56,2024-06-18 20:48:24.367947+00:00,2024-06-18 20:48:24.367947+00:00,
ef446805-9d7d-413c-bcdf-312e5b06a32b,Maxie Buckridge V,f41d0c58-9027-4ee5-b0a6-d1b0a5837885,2024-06-18 21:13:45.711249+00:00,2024-06-18 21:13:45.711249+00:00,
703c100d-5d87-49c7-8300-48167831e102,Season Armstrong,0fad13d6-77a7-471f-8d95-5fb53b1897dd,2024-06-22 23:13:56.871459+00:00,2024-06-22 23:13:56.871459+00:00,
1fb1b812-9bd7-4bd7-a60f-4b876f6ac8ed,Shanice Deckow,2d914276-6e2d-4fce-8e25-97b60bcdd397,2024-06-23 13:03:55.003103+00:00,2024-06-23 13:03:55.003103+00:00,
c35168f4-6e30-45f5-965f-9c5232564ec3,Ms. Clara Corwin,92d6b383-f11a-4275-ae83-19a0d1a4c5cf,2024-06-23 13:10:44.684844+00:00,2024-06-23 13:10:44.684844+00:00,
350923ed-c13a-49e2-8da3-7721e0d2245e,Glenda Metz,f5385f84-8a4b-49fb-9221-dfefee4496b4,2024-06-23 13:33:21.634299+00:00,2024-06-23 13:33:21.634299+00:00,
7ae00b32-deec-4b5a-8d1e-7acf2388faae,Ashlyn Sporer,1de9d631-6aae-456c-8759-496309de817b,2024-06-23 13:36:54.397819+00:00,2024-06-23 13:36:54.397819+00:00,
421c692d-0a8c-4a21-8ee8-1818539fb5c2,Opal White Jr.,770a0ef0-8564-4e2b-91ba-92852d337551,2024-06-23 13:44:17.612897+00:00,2024-06-23 13:44:17.612897+00:00,
6ceafe91-38d3-49c7-8d70-a1012b44b7f1,Alejandrina Walter,d77bdc6d-afa1-4997-b363-c24a84f2fa43,2024-06-23 14:22:54.237293+00:00,2024-06-23 14:22:54.237293+00:00,
6b5a7e10-420e-4bdf-b5a8-1bec10d4ff27,Junita Morissette,7417a447-19cf-496e-8288-c66537c617dc,2024-06-23 14:36:09.093629+00:00,2024-06-23 14:36:09.093629+00:00,
cb7b0657-9d77-4e75-a40b-1a9534685b66,Ronald Kassulke,bde71988-6cff-4b7e-9f6f-85a1f8a74e47,2024-06-23 14:43:09.663559+00:00,2024-06-23 14:43:09.663559+00:00,
78722c84-fe6a-4c30-aeab-5057b5803633,Alvin Mraz II,20dc6001-986e-471a-9058-b60e578bf9fa,2024-06-23 14:52:59.161373+00:00,2024-06-23 14:52:59.161373+00:00,
2f831312-61fb-4ee0-abce-2e74bf6c52be,Mr. Yasmin Schmitt,98bfd8cc-e260-4022-8885-73109412d552,2024-06-23 15:16:07.310722+00:00,2024-06-23 15:16:07.310722+00:00,
3c6b1370-56a8-4dd6-a9c8-36a68bf9d137,Dr. Dario Friesen,e6b2b328-02c3-4c4e-870a-d5611b4698e6,2024-06-23 15:18:41.342650+00:00,2024-06-23 15:18:41.342650+00:00,
0238a416-b403-44ca-99df-fb8e946c240c,Lyndon Harvey V,c74b36b7-a160-4ee5-9871-3e61ea4640d3,2024-06-23 15:23:41.745082+00:00,2024-06-23 15:23:41.745082+00:00,
58b44db9-89ef-4370-b838-1d03878093bf,Jodie Lindgren,c772db55-f61e-40a3-a8f4-2bac5b86b8e7,2024-06-23 15:28:37.065340+00:00,2024-06-23 15:28:37.065340+00:00,
8d3fd3e8-213b-402e-a139-f11bf8b78e6e,Tasia Kreiger,7b39698c-7dee-4458-93fa-238b326c70ec,2024-06-23 15:37:12.663864+00:00,2024-06-23 15:37:12.663864+00:00,
2088c3bc-4e73-420f-abbd-5ae45aec17fe,Louisa Funk Jr.,544cd4e4-5fd0-4176-9b00-01d1cb0a5319,2024-06-23 15:55:04.020492+00:00,2024-06-23 15:55:04.020492+00:00,
ce1bb5f7-dd9e-40d1-bb61-473fabb5c420,Maude Dickinson,019dc44d-931a-4ff8-9771-3f15e8ac3ec6,2024-06-23 16:13:07.848203+00:00,2024-06-23 16:13:07.848203+00:00,
9eed0221-b76b-4636-a8e7-c65bb50d9edb,Mrs. Janay Halvorson,a93f11e0-9996-46cd-9d47-9fd192ca4204,2024-06-23 18:27:10.697231+00:00,2024-06-23 18:27:10.697231+00:00,
bc4e4575-1728-43f0-a3b0-f70605f87ff5,Ryan Lowe,04b89255-2893-4b3c-88e4-55b72144931f,2024-06-23 18:32:34.915493+00:00,2024-06-23 18:32:34.915493+00:00,
e527cf2f-5173-40cb-8e49-1e88b8fe0ff2,Mitchell Schultz,dcb73bbc-8a26-43a1-8718-9c5479de4fd0,2024-06-23 18:38:34.779161+00:00,2024-06-23 18:38:34.779161+00:00,
b454087c-3262-40c2-afdc-38fbcf9bae05,Allyson Kerluke,6ae5cf76-dd70-4098-8c41-5ffe03125a78,2024-06-23 18:39:45.809313+00:00,2024-06-23 18:39:45.809313+00:00,
3fc9fd51-83f9-463a-9913-281a84f24fd6,Dr. Cody Johnston,e4f0a97e-5b1e-4012-a467-752d09c04b73,2024-06-23 21:52:56.458622+00:00,2024-06-23 21:52:56.458622+00:00,
58c4cfe2-059f-4402-b364-4e00d520c9fc,Marci Heller,190576a4-2e4e-4c26-9e46-60d2194096a9,2024-06-23 22:00:59.019047+00:00,2024-06-23 22:00:59.019047+00:00,
bb58dd4a-afe0-488b-ac41-9bce11062b48,Theodora Mueller,a0895e05-1efa-4bda-adff-0225bf936bd2,2024-06-23 22:03:56.381792+00:00,2024-06-23 22:03:56.381792+00:00,
409c7fb7-3859-4511-ac61-96d2d145ade8,Oscar Beahan,ec1a5441-09b4-452c-aa33-afc2622cc852,2024-06-23 22:05:07.705993+00:00,2024-06-23 22:05:07.705993+00:00,
160def03-3f54-41dc-8389-754da6558fd0,Gale Dickinson,4254d425-505c-47e7-8faf-dc7e13bfc98f,2024-06-23 22:56:16.718536+00:00,2024-06-23 22:56:16.718536+00:00,
c9e24745-1621-48e4-a0ab-b68660deba30,Herminia Cremin,cb56d3e6-8840-46eb-9875-9b168073fa63,2024-06-23 23:12:26.182034+00:00,2024-06-23 23:12:26.182034+00:00,
