id,full_name,phone_number,birth_date,auth_id,created_at,updated_at,deleted_at,nick_name,avatar,gender
2205c4ab-40a4-4208-b4e8-ce0882aa1563,Felton Ryan,,1997-04-04,32aa30ac-b235-4389-ae30-0bb1085ce882,2024-06-16 08:43:25.247401+00:00,2024-06-16 08:43:25.247401+00:00,,,,male
51db94bf-043e-4ccf-a9e2-5e2ff586ba83,Sarah Davis,,1998-04-18,3487ed05-53a4-41a2-8738-019eeecf63b6,2024-06-10 08:06:11.353428+00:00,2024-06-10 08:25:32.108848+00:00,,,,female
69998113-c910-4d36-ae2f-0d7f85326c1d,Robert Anderson,,1998-04-18,664d9333-d915-4895-84cc-aa991907c784,2024-06-10 08:06:30.520623+00:00,2024-06-10 08:26:58.504827+00:00,,,,male
2108e937-74b1-4325-9a2b-95bf7c7c37f2,Amanda Taylor,,1998-04-18,07be52e3-2ad2-4b12-a17c-561a6a95c40f,2024-06-10 08:06:35.810079+00:00,2024-06-10 08:27:31.971757+00:00,,,,female
3799bb46-1c41-4cad-96a4-bbc4e14a298a,William Hernandez,,1998-04-18,fa777c3f-5c29-4687-bd01-ac340aea44bd,2024-06-10 08:06:52.731097+00:00,2024-06-10 08:28:30.506942+00:00,,,,male
8a56c996-6227-4216-af7c-ba675f2a4e3c,Tierra Stoltenberg,,2001-04-18,e140987d-8808-4500-b869-1cb54e82d22a,2024-06-16 06:53:34.913732+00:00,2024-06-16 06:53:34.913732+00:00,,,,female
c1854c5d-9d3a-40ae-b560-14c85ff56974,David Wilson,,1998-04-18,d4c765b2-83a5-48b9-a514-357a5e53ceb4,2024-06-10 08:06:16.779956+00:00,2024-06-15 08:19:51.221563+00:00,,,,male
b2d1324d-85d5-411d-83c5-97afae9818fe,Daniel Martinez,,1998-04-18,903e8a84-372b-4fe5-9c2f-4ee338ddeaef,2024-06-10 08:06:40.680732+00:00,2024-06-15 08:34:57.717173+00:00,,,,male
06fd537f-9d3a-4304-89c5-3e88f4af45fe,Carlee Cormier MD,,2002-04-18,5201e478-58bc-4f5f-9328-fdf2f00d4961,2024-06-16 07:45:17.602430+00:00,2024-06-16 07:45:17.602430+00:00,,,,female
b4b944fd-e3c0-4bf3-a42d-f0862629b14d,Kim Kris Sr.,,1998-04-18,90857abf-031e-4637-a0c6-5195a101baa5,2024-06-18 19:43:25.491356+00:00,2024-06-18 19:43:25.491356+00:00,,,,male
731e4880-8df1-4b08-8d0a-acef19de5dfa,Pasquale Oberbrunner,,1998-04-18,9f21e824-3271-45e2-bce1-a848718c4400,2024-06-16 06:55:04.112950+00:00,2024-06-16 06:55:04.112950+00:00,,,,male
8a3e42d7-3b39-419b-bf2c-fcc2dd067c70,Randal Koss,,1998-04-18,b3e5fccc-686b-48da-b235-754c1e423eb6,2024-06-16 07:10:55.722460+00:00,2024-06-16 07:10:55.722460+00:00,,,,male
b1301143-d660-4eee-8e03-4833df54bbb0,Miquel Durgan,,1998-04-18,b2b99b08-e29c-4374-94d5-4587c97e0518,2024-06-18 19:56:38.928449+00:00,2024-06-18 19:56:38.928449+00:00,,,,male
ede5ee91-6758-4431-aff6-8a73424def8c,Dr. Billie Braun,,2005-04-18,87880acc-5673-459b-89a4-ae6de50070c7,2024-06-16 08:28:04.676179+00:00,2024-06-16 08:28:04.676179+00:00,,,,male
5ce19559-3bfa-45b8-b9a8-756d2c174d05,Queenie Corwin,,2001-04-18,ea441f68-69d4-4736-9037-b3aa47863d3a,2024-06-16 07:54:08.043523+00:00,2024-06-16 07:54:08.043523+00:00,,,,female
192464d3-3af4-4687-b743-846ff4fd84dd,Teresa Ruecker III,,1989-04-18,9bdfa8e1-11b6-4ca1-831c-a707eb349c15,2024-06-16 07:58:30.417837+00:00,2024-06-16 07:58:30.417837+00:00,,,,female
083320fa-316b-4446-9c2c-8636919e7cfc,Michael Brown,,1999-03-12,a088bb9d-8ae4-4d82-be64-fec6a6234f9b,2024-06-10 08:06:01.715480+00:00,2024-06-10 08:24:56.701039+00:00,,,,male
92890096-068d-4923-b730-01ce177bddcf,Myung Schoen,,1999-02-28,1f622de5-3487-4ced-b7eb-ba16d94c4300,2024-06-16 08:13:32.955288+00:00,2024-06-16 08:13:32.955288+00:00,,,,male
5578b6e4-34bf-4fc6-be2a-227aaa831972,Mrs. Coletta Hagenes,,1999-04-18,003f4c3f-9b67-4554-ac06-4432deed9d6c,2024-06-16 08:02:32.110438+00:00,2024-06-16 08:02:32.110438+00:00,,,,female
4f58ac12-0cf1-45c6-8f37-3faf26270a6c,Claudine Dare,,1998-03-28,90c5fc3c-0cd3-4f94-9c4e-9580ee8df9a0,2024-06-16 08:49:57.059297+00:00,2024-06-16 08:49:57.059297+00:00,,,,female
97bab10b-8fa7-4bb8-96f9-a902499b4392,Mathilde MacGyver,,1998-07-15,4614498e-ddca-41c2-85c0-3088f66b37a6,2024-06-16 08:15:30.923293+00:00,2024-06-16 08:15:30.923293+00:00,,,,male
59d4aae4-f9b4-437f-987c-b221d5ff2a9b,Trey O'Hara,,1998-02-18,bf2f2c5e-a76e-4caf-ba08-9f0b3576a7eb,2024-06-16 08:59:52.599595+00:00,2024-06-16 08:59:52.599595+00:00,,,,female
ca1eaac8-b898-46c3-bf1b-7e7e96b195a4,Francesco Jenkins,,2000-02-20,02d1a851-b33a-4be8-bc44-29bcbc87a427,2024-06-18 18:25:05.467191+00:00,2024-06-18 18:25:05.467191+00:00,,,,male
5f951dd7-ad7d-4d70-af6b-79156cafdd9e,Shellie Collins,,1998-04-18,4c6532a3-e3d9-40a1-b6c9-5ecc939e30d5,2024-06-16 08:26:45.196958+00:00,2024-06-16 08:26:45.196958+00:00,,,,female
d2791773-6345-4147-9e44-74c735fd61bb,Katharyn Weimann IV,,2002-03-09,01cea607-374e-4ffd-8354-712181327a0d,2024-06-18 18:07:26.563254+00:00,2024-06-18 18:07:26.563254+00:00,,,,female
c23e4276-428b-4705-9a25-47cdbcb0231a,Olivia Garcia,,1996-02-27,91cec70a-d96a-4269-850a-e555cd92ad99,2024-06-10 08:06:46.037334+00:00,2024-06-10 08:27:59.764860+00:00,,,,female
9302052d-fdfe-4c92-a5ed-13b8841a0c80,Louetta Fadel,,1998-04-16,c082ec9f-5d04-4f73-91fc-6bb168b0f8db,2024-06-17 18:37:09.584183+00:00,2024-06-17 18:37:09.584183+00:00,,,,female
7cddbfae-69ca-48b0-b294-61c2f52b6612,Georgene Dickens,,1998-04-18,3dbfc2da-43c7-4183-bdac-6143317fc075,2024-06-16 08:36:49.464695+00:00,2024-06-16 08:36:49.464695+00:00,,,,male
31b27f98-7c7a-4d76-af7a-81161ca9add0,Erin Windler DVM,,1998-04-18,ca6f13e9-1a6d-43fd-9401-126a175b6c85,2024-06-17 17:09:20.931828+00:00,2024-06-17 17:09:20.931828+00:00,,,,male
8b02bc28-fef5-4c65-a4ef-2429b51bb693,Thaddeus O'Hara,,1998-04-18,8b84585d-0446-4365-8444-744f2539c57d,2024-06-16 08:39:02.504771+00:00,2024-06-16 08:39:02.504771+00:00,,,,male
f67c2803-1815-49d3-9008-26314da6fc6f,Ceola Pfeffer,,1998-04-18,a3a89db2-9f44-4d6d-a0d7-4b709bbdc42b,2024-06-16 09:02:57.753116+00:00,2024-06-16 09:02:57.753116+00:00,,,,female
11bc182c-a9cc-41b6-a4ef-b7f5e2288771,Marget Jacobs,,1998-04-18,72fa71b8-58d7-4f03-9aaf-18bad2dd4b78,2024-06-17 17:10:27.698993+00:00,2024-06-17 17:10:27.698993+00:00,,,,female
c888ca71-bb4e-4309-9f57-554652a0b7d2,Lenny Weissnat,,1998-04-18,ff0f972a-3ced-400d-b3e3-3d48f498321b,2024-06-16 09:07:28.054185+00:00,2024-06-16 09:07:28.054185+00:00,,,,male
828300ff-416b-48c3-bf77-9bdfc6d12d2c,Dottie Miller,,1998-04-18,c7291edf-0208-47e3-844a-9f62988685ad,2024-06-16 09:11:06.794538+00:00,2024-06-16 09:11:06.794538+00:00,,,,male
006ce080-1410-4f9b-b309-67668d880bc7,Mr. Ayanna Mraz,,1998-04-18,0646a8b2-bbd3-4d0c-b231-c54d2c18e88c,2024-06-17 17:43:43.326803+00:00,2024-06-17 17:43:43.326803+00:00,,,,female
b7958064-41c8-4ea5-a49c-cd7f1bc33d7d,Donovan Fadel,,1998-04-19,37de610c-afe1-4d72-9f31-d8799abf59e8,2024-06-16 09:30:14.532205+00:00,2024-06-16 09:30:14.532205+00:00,,,,male
bf2439b7-597a-4c61-b512-7bd36bf8d1b5,Chanell Hirthe PhD,,1998-04-18,41419e46-afe8-45ae-ad98-56bad67c2ac7,2024-06-17 17:52:53.708618+00:00,2024-06-17 17:52:53.708618+00:00,,,,female
45971ebf-7627-4ac4-9049-e44454a4bee1,Grant Deckow,,1998-04-18,c9a64185-8021-4858-a370-6209eaea2527,2024-06-17 18:27:22.463140+00:00,2024-06-17 18:27:22.463140+00:00,,,,male
0dc1834e-4932-4295-8a73-c70588f2d63a,Elene Conn,,1998-04-18,14621cc1-3761-4c37-8fd1-1f4fad424ece,2024-06-17 18:56:37.036044+00:00,2024-06-17 18:56:37.036044+00:00,,,,male
68e8e32f-6f43-4149-b188-57a6266a0f9a,Denny Toy,,1998-04-18,6ec0a0ad-802c-4ca8-b261-31c512d867a5,2024-06-17 18:29:10.858592+00:00,2024-06-17 18:29:10.858592+00:00,,,,male
47e2d041-171b-4ac7-817c-1701d2332740,Shirley Berge,,1998-04-18,bf8ab3b6-7eb7-48ba-b344-97e1787032ac,2024-06-17 18:40:50.632990+00:00,2024-06-17 18:40:50.632990+00:00,,,,female
dbd9df81-51d6-4a85-9368-9446a2f68284,Mrs. Glady Donnelly,,1998-04-18,bdd451d3-3b9e-4e47-8704-31c846153f33,2024-06-17 18:53:37.727467+00:00,2024-06-17 18:53:37.727467+00:00,,,,female
4cde36e7-0602-4022-9757-2a9a083e6829,Charisse Botsford,,1998-04-18,309e90a9-3a9a-42a8-a519-a6f57258248f,2024-06-18 08:48:05.506848+00:00,2024-06-18 08:48:05.506848+00:00,,,,female
3fd08e93-7798-4f19-ae31-21bfb7e8b406,Emmett Homenick,,1995-07-13,2376ba61-0984-4ca5-8e83-3e3f6e63c2a6,2024-06-18 18:27:55.109981+00:00,2024-06-18 18:27:55.109981+00:00,,,,male
94688714-8865-437e-84d0-2fa97f9cc406,Ray Schaden,,2000-02-12,f14e19f0-58ec-490e-b3c9-57c696011ba4,2024-06-18 18:36:52.572345+00:00,2024-06-18 18:36:52.572345+00:00,,,,male
d507758b-4d90-40cc-b235-d123f24fc23a,Denver Grimes PhD,,2007-04-18,0992353d-688f-4e56-a763-619f0e6dd156,2024-06-16 07:30:37.385883+00:00,2024-06-16 07:30:37.385883+00:00,,,,male
5a9ddc17-2ca6-4ad8-9653-d72e157e5e08,Misha Jast,,2001-07-28,01c4bd3d-8b55-489a-968d-0c23ddd53f1e,2024-06-16 10:35:54.295778+00:00,2024-06-16 10:35:54.295778+00:00,,,,male
c790d538-5cb2-457a-8dc8-74a7997a50d1,Jessica Thompson,,2004-04-18,1faa9eab-0640-44ea-9823-50e4b4d1f8c8,2024-06-10 08:06:24.066840+00:00,2024-06-12 04:46:58.097377+00:00,,,,female
537fe597-406f-4822-921e-9743c9c257fb,Quintin Von,,1998-04-18,fd0f2a6b-53c2-4e2e-ba70-1450156992ec,2024-06-18 20:11:29.137485+00:00,2024-06-18 20:11:29.137485+00:00,,,,male
c15087e4-f951-4e04-84b3-e4cef7932bff,Foster Zboncak,,1998-04-18,b21302ab-b78f-43ca-aebe-529455c63041,2024-06-18 19:21:53.065637+00:00,2024-06-18 19:21:53.065637+00:00,,,,male
4a279083-d3bc-4dac-b6dc-16b70e1dc3a4,Flutter,,2002-11-21,3982f25a-8eea-41d0-8e20-48a0327490b3,2024-06-19 07:17:40.757815+00:00,2024-06-19 07:17:40.757815+00:00,,,,choose
28ef3de4-fa60-40b4-a819-7d5bf6686295,Mrs. Nancie Waters,,1998-04-18,ad26aad6-9965-4968-bf6d-a189a52795a6,2024-06-18 19:25:40.773385+00:00,2024-06-18 19:25:40.773385+00:00,,,,female
6cf889e4-6f61-4007-9b47-16dcd4eb6356,Alex Feeney,,1998-04-18,aef004ac-74c1-47eb-b37b-dcb1601a445f,2024-06-18 20:38:48.847613+00:00,2024-06-18 20:38:48.847613+00:00,,,,male
612baeb8-2bfb-44af-8b44-b8e235484dbb,Delmer Brakus,,1998-04-18,3f26e5f3-2220-4d37-af0d-f48de4b3e7db,2024-06-18 19:32:24.946233+00:00,2024-06-18 19:32:24.946233+00:00,,,,male
ff0dfda2-b69a-4f1f-8d93-355f66738c12,Bryon Hane,,1998-04-18,59ce377c-4b7b-4e5a-a363-d547295e7612,2024-06-18 20:32:58.122719+00:00,2024-06-18 20:32:58.122719+00:00,,,,male
9af8b248-19ea-44b7-9d19-1f266f9601f5,Emily Johnson,,2002-11-21,b60e3065-3760-4782-b063-29cd51340cb8,2024-06-10 08:05:51.530966+00:00,2024-06-10 08:23:27.892371+00:00,,,,female
d7108537-fd73-49c5-9589-ffa3a72d02be,Alesha Pouros,,1998-04-18,84bb23a1-fc66-46c7-9299-0d789b5aa5da,2024-06-18 19:27:58.184451+00:00,2024-06-18 19:27:58.184451+00:00,,,,female
e1068b41-a6a3-4d40-89be-67c41bbed745,Michal Crist,,1998-04-18,a186cd42-a8c7-4b6f-b75d-67886e03714a,2024-06-18 19:36:09.560733+00:00,2024-06-18 19:36:09.560733+00:00,,,,male
2057ae81-8174-412e-9835-54e69dd24d40,Porter Hahn,,1998-04-18,473bc7fc-f245-4b02-9a5d-3314d22e95de,2024-06-16 08:32:46.682775+00:00,2024-06-16 08:32:46.682775+00:00,,,,male
fc63e3ce-26d0-425c-b5b1-d7f3c74c668e,Virgil Kuhic,,1998-04-18,9555a631-0c17-46b6-9b7c-6b4d2e9e73aa,2024-06-18 18:44:50.108645+00:00,2024-06-18 18:44:50.108645+00:00,,,,male
dc125d34-32ed-472f-9743-e3de08d97e05,Amee Prosacco,,1998-04-18,1224a7a6-f33c-40f9-927c-92bcf994a4df,2024-06-18 18:57:34.049048+00:00,2024-06-18 18:57:34.049048+00:00,,,,female
b88ed811-ba41-4aab-9cce-e570d903f990,Ezequiel Gislason,,1998-04-18,31013c1c-d38d-4e5b-967f-f463d1062e4d,2024-06-18 19:05:08.584571+00:00,2024-06-18 19:05:08.584571+00:00,,,,male
91e124d5-84a8-4042-a05a-72341855d4e2,Shirley Sipes,,1998-04-18,5ddebd65-7aa3-4913-bdbf-746586de2a32,2024-06-18 19:13:54.291846+00:00,2024-06-18 19:13:54.291846+00:00,,,,male
b9ba59be-59f3-4118-8e39-9832f86a458d,Ms. Junior Jones,,1998-04-18,ac240668-c32b-433e-9c12-fabe3ce7ae34,2024-06-18 19:17:10.892123+00:00,2024-06-18 19:17:10.892123+00:00,,,,female
f45864cc-87d8-4037-8b70-5aea6aee5f6b,Amee Bednar,,2004-04-18,428ffa34-d1a7-48c3-adc8-dde2955242df,2024-06-16 07:57:08.183508+00:00,2024-06-16 07:57:08.183508+00:00,,,,female
1f546c2f-fde6-4f44-8ba4-d58a62e3f425,Jasmin Lehner,,1998-03-14,9f656069-da35-4d27-a429-9ae349add7e3,2024-06-16 09:16:26.679816+00:00,2024-06-16 09:16:26.679816+00:00,,,,female
fd0d4c79-5978-4c67-af20-8ac463116c0c,Charley Herzog,,1998-02-18,0d22911c-e08d-4ac3-8774-8fe7c9c4a733,2024-06-18 17:18:51.220415+00:00,2024-06-18 17:18:51.220415+00:00,,,,male
b1191aa6-6c98-4c18-9666-79ac2b3e61d7,Wilbert Streich,,1998-12-18,eab1dc60-3fe3-470e-a194-cf1e0825403f,2024-06-18 18:40:09.103579+00:00,2024-06-18 18:40:09.103579+00:00,,,,male
0e91c521-d3a0-4d80-b1d4-75caf20ced21,Alfonso Lockman,,1998-02-12,82d48a3c-8ae7-4c60-ace3-bd64b86d200f,2024-06-18 20:04:39.702222+00:00,2024-06-18 20:04:39.702222+00:00,,,,female
ac123645-e5b2-472b-904a-8c84df570bc7,Rashida Deckow,,1998-06-19,16814398-1c66-4c15-8750-5eb66a4c9643,2024-06-18 20:46:05.689576+00:00,2024-06-18 20:46:05.689576+00:00,,,,male
d84aba9a-2dec-4a8f-aec5-ffb18df6981a,Floy Friesen,,1998-04-22,3ab6f7e7-aba5-4d0e-854f-2b32421439ce,2024-06-18 20:48:27.105415+00:00,2024-06-18 20:48:27.105415+00:00,,,,male
282b7b09-a107-4cb5-9aa9-a34edd22b20e,Christen Parker,,1998-04-29,34d7039a-92fc-4115-bb43-891952f859e8,2024-06-18 21:13:48.257488+00:00,2024-06-18 21:13:48.257488+00:00,,,,male
6dcdaf92-b668-4a16-adaa-9b2361f1731e,Willa Hernandez,14025,2000-04-17,50054594-3076-4f6d-859e-e21b122a00fe,2024-06-20 19:24:24.841998+00:00,2024-06-23 11:09:16.391127+00:00,,Willa,,female
148688c2-dd96-4672-ac9c-4f9cec9bc734,Byron Hamill,,2002-04-16,23144dcd-cdd9-40ea-95a3-c74f57f44bdb,2024-06-23 11:45:21.811036+00:00,2024-06-23 11:45:21.811036+00:00,,,,choose
ee714133-7a7b-415a-829d-fddf66d8f357,Reyes Steuber,,2002-04-16,02224b18-4844-4147-8e07-57290d035ecb,2024-06-23 11:56:50.110813+00:00,2024-06-23 11:56:50.110813+00:00,,,,choose
5868893e-2b72-4e8b-84d6-a504db0876e2,Etta Reynolds,,2002-04-16,4eccdff3-5848-4e65-bb84-fec31d118bbf,2024-06-23 14:53:00.827783+00:00,2024-06-23 14:53:00.827783+00:00,,,,choose
264c4093-2430-49b6-92aa-7f3772b55141,Mandi Steuber Sr.,,2002-04-16,acb132fd-1844-4ea8-9d1a-687bb3ec378f,2024-06-23 12:02:31.085957+00:00,2024-06-23 12:02:31.085957+00:00,,,,choose
fb97203f-f7fb-43be-a0b9-c3d866dc4cb5,Johnson Steuber,,2002-04-16,c7972222-cdf5-4e80-bd4c-c9483b9a38c9,2024-06-23 12:06:07.335894+00:00,2024-06-23 12:06:07.335894+00:00,,,,choose
4f2e9a58-2eb0-4792-8be9-3433c2b04355,Mrs. Daniele Hirthe,,2002-04-16,cad0375d-5c8b-401d-b5b7-22489a01ecb2,2024-06-23 15:16:09.085047+00:00,2024-06-23 15:16:09.085047+00:00,,,,choose
b7f98238-161e-4c84-b98a-2508c70edfe9,Robert Ritchie,,2002-04-16,3bf2e6bb-1edd-4d00-8b5b-880dc6d34e1c,2024-06-23 12:11:58.521694+00:00,2024-06-23 12:11:58.521694+00:00,,,,choose
e48dedbb-cff9-4bc7-85c6-ae5a14125e31,Rudolph Dietrich,,2002-04-16,ff3986f7-f910-4f14-a0ba-1b3beb041a06,2024-06-23 15:18:43.059532+00:00,2024-06-23 15:18:43.059532+00:00,,,,choose
9871e83f-a251-445e-9f89-7545b80b3581,Dorsey Anderson,,2002-04-16,e7a73c91-908e-43e8-b6b5-3365ffdf3fa3,2024-06-23 14:36:11.299809+00:00,2024-06-23 14:36:11.299809+00:00,,,,choose
1f5f52a3-0f90-4156-b1f4-49feae34d3b3,Keira Turner,,2002-04-16,1556ff16-1875-4fa9-b353-a18a0eef9f0b,2024-06-23 14:43:11.819975+00:00,2024-06-23 14:43:11.819975+00:00,,,,choose
1498ac1f-c183-449e-87aa-e7fa3bb6debe,Sylvester Hermann,,2002-04-16,bdcae424-4f12-4ef7-9d0f-7fe28c8aa684,2024-06-23 12:19:12.486098+00:00,2024-06-23 12:19:12.486098+00:00,,,,choose
a5496395-d39a-49cc-95b2-f5309c9ba744,John Doe,,2002-04-16,a08280ba-e9e2-4145-8857-02421d788963,2024-06-23 10:26:49.719065+00:00,2024-06-23 10:26:49.719065+00:00,,,,choose
3752bf87-bc69-4179-a434-baea24528e8f,Andrew Schinner DVM,,2002-04-16,41fd1d5e-f996-429d-ac7e-8081033ad89e,2024-06-22 18:38:38.102856+00:00,2024-06-22 18:38:38.102856+00:00,,,,choose
cec0aca7-3944-4b3c-beaa-5f74d00420a2,Heidy Collins,,2002-04-16,81af45bc-d129-4034-affd-85708e9bb4c9,2024-06-22 19:17:01.717791+00:00,2024-06-22 19:17:01.717791+00:00,,,,choose
348f1362-7b8f-4562-9462-5595e769b9f4,Rickie Kilback,,2002-04-16,da16ca44-987c-40d7-800b-1c964495ce0a,2024-06-22 18:47:51.703732+00:00,2024-06-22 18:47:51.703732+00:00,,,,choose
88361bf0-1994-452d-bed2-320c09d0484f,Sindy Ernser,,2002-04-16,05a8e4b3-72f2-49fb-a569-b6c0a8a88ad5,2024-06-22 18:55:48.696710+00:00,2024-06-22 18:55:48.696710+00:00,,,,choose
62e29f2f-0125-496d-bd91-41219776f417,Sydney Brown MD,,2002-04-16,1067d1b3-f60c-4bc3-a175-b86c0868e7eb,2024-06-22 22:17:58.841146+00:00,2024-06-22 22:17:58.841146+00:00,,,,choose
60039dc8-bae0-46fd-947e-059603a4ec61,Marcell Gusikowski,,2002-04-16,683eb29a-8ff3-4532-9f22-b87089207c36,2024-06-22 19:03:13.398475+00:00,2024-06-22 19:03:13.398475+00:00,,,,choose
29ea7399-57b0-4d7a-a560-89109678f45d,Mr. Jarod Morar,,2002-04-16,ae18d63e-48ef-46ed-b428-bf9fa39e9016,2024-06-22 19:33:31.644448+00:00,2024-06-22 19:33:31.644448+00:00,,,,choose
7b131fcf-f7be-416a-9fae-19a6659861ff,Mrs. Dexter Swaniawski,,2002-04-16,2aeeef1f-8839-49a1-8ef0-3d387b0d0d6f,2024-06-23 12:28:19.734597+00:00,2024-06-23 12:28:19.734597+00:00,,,,choose
090c862b-46ae-424c-90e2-40e073d83cb1,Dominique Heidenreich,,2002-04-16,31508fba-eeb7-43fe-bb4a-00e3f332839f,2024-06-23 15:28:38.380680+00:00,2024-06-23 15:28:38.380680+00:00,,,,choose
7b37b7d8-c605-4608-9fa0-f7f77e268a92,Julee Nolan,,2002-04-16,8ef1ae81-e459-4e67-b04f-d69fa06f6ae3,2024-06-23 12:33:09.935842+00:00,2024-06-23 12:33:09.935842+00:00,,,,choose
6a5ac17a-3e1a-4306-9e75-033ef454d4cb,Miss Kyra Lemke,,2002-04-16,593462d3-2cfc-4140-aa3e-678ade83e858,2024-06-23 15:37:14.436217+00:00,2024-06-23 15:37:14.436217+00:00,,,,choose
b0a45fcc-f926-494d-8549-d644b6b56cac,Jimmy Considine,,2002-04-16,05ca36c8-6f32-4fbf-b034-48819aaf33a4,2024-06-23 12:54:39.607852+00:00,2024-06-23 12:54:39.607852+00:00,,,,choose
448da742-ef50-4663-ba7e-1a09803849b5,Omar Muller,,2002-04-16,65067471-3a56-4831-9fab-35c93617f32b,2024-06-23 13:00:26.272355+00:00,2024-06-23 13:00:26.272355+00:00,,,,choose
ae3be168-e7ce-4560-9c8c-3cb0e0be1286,Azriel Dwi Mahendra,,2002-04-16,67169319-162e-4cbc-86da-0a22965bc43d,2024-06-23 15:48:21.173985+00:00,2024-06-23 15:48:21.173985+00:00,,,,choose
4fdee537-a8c6-4e67-bfcd-2668d071dbae,Ms. Grisel Jacobson,,2002-04-16,edcf1d37-b4ce-4654-9eda-966d5b65d2c3,2024-06-23 13:10:47.298371+00:00,2024-06-23 13:10:47.298371+00:00,,,,choose
28067150-3c7e-43bb-9c49-a14c48e841f8,John Doe,,1998-11-27,94154f72-d078-4de2-993e-fd7c6e70f860,2024-06-16 06:53:35.382251+00:00,2024-06-23 23:12:50.156643+00:00,,,,male
e69a3974-fff8-4d22-9772-83ec81591ee6,Alva Stracke,,2002-04-16,973ca723-eb98-4052-99dd-df7ca7ac81cf,2024-06-22 21:52:54.874730+00:00,2024-06-22 21:52:54.874730+00:00,,,,choose
5fb31624-59b5-42fb-be9d-3a83acdd6bb0,Titus White,,2002-04-16,eed25e28-551b-4812-87ff-46c6ff40dd64,2024-06-22 19:05:58.554509+00:00,2024-06-22 19:05:58.554509+00:00,,,,choose
25f41b56-94cd-480e-af46-19e2fb630a78,Nickolas Lowe,,2002-04-16,5c31eac4-98b1-450f-b980-30bf691ba10f,2024-06-22 20:01:20.553107+00:00,2024-06-22 20:01:20.553107+00:00,,,,choose
a5c6d690-2b21-40e5-b802-52d0e4072566,Lamont Gottlieb,,2002-04-16,a93061c2-5c3c-4cf2-bb78-af9592b215a3,2024-06-22 22:01:56.022194+00:00,2024-06-22 22:01:56.022194+00:00,,,,choose
1bbe591a-a11b-4022-b95d-998ef41ea5be,Rosemary Waters,,2002-04-16,6b6ac9ac-adb0-4873-976d-f17394a9d183,2024-06-22 21:26:46.984723+00:00,2024-06-22 21:26:46.984723+00:00,,,,choose
89a695bc-6b7e-42ba-ad6c-5162eaa677f1,Talia Hintz,,2002-04-16,0d9a3b92-fc1e-4966-8ef4-971c01f9727f,2024-06-22 21:41:03.416075+00:00,2024-06-22 21:41:03.416075+00:00,,,,choose
064a5195-fda3-49c6-bf73-be365b81c4cc,Bryon Flatley,,2002-04-16,7baae225-53df-42d0-b29e-ffd4ebfc53fc,2024-06-22 22:10:16.632451+00:00,2024-06-22 22:10:16.632451+00:00,,,,choose
79801eb0-e536-4f91-a062-1d7e24ac7a7f,Lashay Pagac I,,2002-04-16,92f26239-46ee-4a7b-9faa-979b1635bbc3,2024-06-23 11:27:29.160649+00:00,2024-06-23 11:27:29.160649+00:00,,,,choose
898820fb-479a-418a-bb54-1e27420d88cb,Mrs. Reynaldo O'Hara,,2002-04-16,cc56eb3a-11c1-4459-b2ac-e3b7153b81a7,2024-06-22 23:13:59.037436+00:00,2024-06-22 23:13:59.037436+00:00,,,,choose
5caf218f-bf8b-48a6-84f7-a832407b7d39,halohalobandung,,2002-04-16,74f73cb9-949d-4590-ad22-199e142d9ca3,2024-06-23 05:36:33.293006+00:00,2024-06-23 05:36:33.293006+00:00,,,,choose
78ed9d01-fd77-4308-b66a-922fe92ebc2d,halobla,,2002-04-16,ac9b5b4b-35ba-4eeb-9463-994a6d85a378,2024-06-23 05:39:43.778533+00:00,2024-06-23 05:39:43.778533+00:00,,,,choose
38ef9a9c-4792-4a0d-b746-9232c813f9ee,Bernie Terry,,2002-04-16,c1b00e6c-c970-4af4-8b52-6494ef12393b,2024-06-23 11:07:20.287514+00:00,2024-06-23 11:07:20.287514+00:00,,,,choose
4c1012e1-33ca-4726-b3f3-8915c3987a5f,Sha Adams,,2002-04-16,027aef24-fc2f-484e-812a-81515e2cabe7,2024-06-23 11:41:02.221066+00:00,2024-06-23 11:41:02.221066+00:00,,,,choose
68004793-74a5-40df-b7ab-c3cb4a5b9a77,Risqi Akbar Marsudi,,2002-04-16,eec656fa-cd4a-44f7-a9f1-f9b98b9f51cd,2024-06-23 11:04:57.908204+00:00,2024-06-23 13:57:35.960737+00:00,,,,choose
97237844-ce10-4063-9a07-c72cdd01241b,Dominique Cummings,,2002-04-16,cae79074-cb91-412d-a1fa-2e518745efc8,2024-06-23 15:55:06.148020+00:00,2024-06-23 15:55:06.148020+00:00,,,,choose
cc959b57-3db3-400b-bd7f-700da37ec29d,Suzan Emard,,2002-04-16,135dde6a-2728-4d8a-802f-8289cfacc8c0,2024-06-23 13:36:57.023884+00:00,2024-06-23 13:36:57.023884+00:00,,,,choose
447ffbb6-47d5-48b8-950c-a0868981d13a,Mariel Fay,,2002-04-16,f58b2d5a-bee0-4055-901a-239b53e34aa3,2024-06-23 16:13:09.932015+00:00,2024-06-23 16:13:09.932015+00:00,,,,choose
823b9074-c51d-4271-a38d-c8ddeed96195,Mrs. Merlin Zboncak,,2002-04-16,0c05bdd4-92ac-432f-b266-3f4c6c8dcc69,2024-06-23 13:44:21.047247+00:00,2024-06-23 13:44:21.047247+00:00,,,,choose
c4ea4eaa-0969-4b09-93af-c27239bcb897,Raleigh Aufderhar,,2002-04-16,1ba226a3-fcf3-43ea-bfa2-1c8d66493c9e,2024-06-23 14:22:56.603443+00:00,2024-06-23 14:22:56.603443+00:00,,,,choose
2aab6096-7822-4619-b11f-a06af4a82f43,Mr. Jessia Quigley,,0001-01-01,139abb04-2901-445c-9001-e3846470f84a,2024-06-23 18:27:13.006755+00:00,2024-06-23 18:27:13.006755+00:00,,,,choose
8855bad2-da50-4dbe-ba2d-fc34c60a33b5,Wilburn Champlin,,0001-01-01,9e560b32-2004-483e-9e98-a44a11ebac98,2024-06-23 18:32:37.292416+00:00,2024-06-23 18:32:37.292416+00:00,,,,choose
2bd9e68d-2a30-4292-b1de-1606a815c80f,Bret Upton,,0001-01-01,c117da6f-7498-484f-b5be-dfa006e8064b,2024-06-23 18:38:37.266920+00:00,2024-06-23 18:38:37.266920+00:00,,,,choose
0b31cd32-0af8-4dac-a1e7-169a117ed3c4,Dr. Oren Lebsack,,0001-01-01,5b263680-1d9a-415e-8c70-a150576ad271,2024-06-23 18:39:47.945801+00:00,2024-06-23 18:39:47.945801+00:00,,,,choose
6ba6ddc6-0d1e-4e72-b845-8b680cb6224d,Irvan Surya,,0001-01-01,fc562cba-bfa5-4f37-b6e6-fa27b6416e3d,2024-06-23 18:10:40.656417+00:00,2024-06-23 19:39:41.304998+00:00,,,,choose
df275b54-6f57-4dd4-8534-97e67f2fd671,Annmarie Schmeler,,0001-01-01,56a78c79-a12a-4340-9ca1-4d6f4b41fd5a,2024-06-23 21:52:58.338821+00:00,2024-06-23 21:52:58.338821+00:00,,,,choose
ed50fac7-a966-4fcc-8c33-c87f8cc9e481,Mrs. Hanna Skiles,,0001-01-01,72d01ac1-90c8-4d92-b566-ee514e5f8266,2024-06-23 22:03:57.853322+00:00,2024-06-23 22:03:57.853322+00:00,,,,choose
2ad76834-1326-4c3b-babd-79a2a0329d90,Breann Bashirian,,0001-01-01,95efd75a-845e-4804-a8b1-5ba464bf3584,2024-06-23 22:05:09.171022+00:00,2024-06-23 22:05:09.171022+00:00,,,,choose
8349522d-9b3c-494a-981e-d1fd316a0b4e,Abraham Bailey,,0001-01-01,bb5faf16-67e6-4c2f-890f-68c201d07920,2024-06-23 22:56:18.368234+00:00,2024-06-23 22:56:18.368234+00:00,,,,choose
1f3cd886-e79d-4b8e-bbc1-c7704bd68c99,Milford Schoen,,0001-01-01,4ee70bec-272c-43eb-ae8e-1a5c0fd6dd00,2024-06-23 23:12:28.790204+00:00,2024-06-23 23:12:28.790204+00:00,,,,choose
