id,farm_id,temperature,ph,dissolved_oxygen,created_at,updated_at,deleted_at
a4ff2278-f9ef-4870-9d8f-de32bebe4cae,2d5f05ec-c41b-420d-8253-b4e7606bffcb,69,69,69,2024-06-16 00:00:00.010777+00:00,2024-06-23 19:03:58.915753+00:00,
50930d0b-0518-4219-a444-109c77ffebfe,f1d55285-f1b3-42cd-aa15-5456ba6b9a6f,27.11881585211318,6.746207428046512,8.616360057379051,2024-06-16 00:00:00.009111+00:00,2024-06-16 00:00:00.009111+00:00,
0ee5be07-cef1-4a6b-a142-19e682ea4c8f,31cb899c-076e-4efd-b439-994b502ec7d9,20.31767344816638,7.26529107672147,8.317103516428347,2024-06-16 00:00:00.012054+00:00,2024-06-16 00:00:00.012054+00:00,
bd626f3f-ae07-4249-bb54-57d4f75f1b10,40663ed2-fe6b-44a9-9d92-c9a5d30694ed,29.44974297795551,7.4431123798774985,6.328638534338046,2024-06-16 00:00:00.013420+00:00,2024-06-16 00:00:00.013420+00:00,
bb227444-2d47-4722-9cec-cff657b6f6eb,119f6b23-14c9-492a-b869-c4ff0362f66b,29.139257525361305,7.762075500382027,7.9656041083535145,2024-06-16 00:00:00.014782+00:00,2024-06-16 00:00:00.014782+00:00,
cabf23f2-8e8d-45f1-9e2b-6f64a43fc702,0692963f-afb1-44c1-9b1d-53e0dfb90c45,20.98609441857357,7.4720997507444125,7.284175281371088,2024-06-16 00:00:00.016152+00:00,2024-06-16 00:00:00.016152+00:00,
46579389-7043-4de8-8fa6-6d2296f8c995,f92f886c-5066-4d2e-b423-0d5241c4d010,25.60736689337432,7.737401153973816,7.836410917458833,2024-06-16 00:00:00.017661+00:00,2024-06-16 00:00:00.017661+00:00,
42c80fa5-883c-4d64-b590-6d9f8e6e7c52,811a1026-c445-4a9f-8eab-6621a44f2c79,25.628657229908526,6.918185419960286,8.218907703484398,2024-06-16 00:00:00.018962+00:00,2024-06-16 00:00:00.018962+00:00,
10326fc2-5b0e-46e4-84a1-63cc1ccdb0fa,c1798060-ffbe-4f06-8180-81d8882554ee,20.210411060531268,7.369788321309054,6.6609347185978836,2024-06-16 00:00:00.020465+00:00,2024-06-16 00:00:00.020465+00:00,
ab40e07c-f41d-44e1-b221-6cf4c06d8d91,2d5f05ec-c41b-420d-8253-b4e7606bffcb,28.57416659773026,6.625303570327479,6.821179429738534,2024-06-17 00:00:00.002533+00:00,2024-06-17 00:00:00.002533+00:00,
1223d898-9e94-40b4-93ca-ce55056e8679,31cb899c-076e-4efd-b439-994b502ec7d9,20.83789848525855,7.1544574584808505,8.39018925964516,2024-06-17 00:00:00.004567+00:00,2024-06-17 00:00:00.004567+00:00,
9123a3e8-f3a9-4c99-bacb-148020256890,40663ed2-fe6b-44a9-9d92-c9a5d30694ed,24.521013020220202,7.916394451284372,8.04651899153351,2024-06-17 00:00:00.006073+00:00,2024-06-17 00:00:00.006073+00:00,
757ce5c1-5797-4fe8-8af7-778bb1b1a786,119f6b23-14c9-492a-b869-c4ff0362f66b,21.565933508938887,7.130167556654097,7.798396359429118,2024-06-17 00:00:00.007302+00:00,2024-06-17 00:00:00.007302+00:00,
9a413677-9c1c-494f-86d8-35ca6c59adc6,0692963f-afb1-44c1-9b1d-53e0dfb90c45,23.933483439690445,6.463333654600994,8.09371088211539,2024-06-17 00:00:00.008574+00:00,2024-06-17 00:00:00.008574+00:00,
de6c7e31-af09-4b9e-8bf9-2d70baf5991c,f92f886c-5066-4d2e-b423-0d5241c4d010,29.10789608130502,7.126270016937975,6.737778805141759,2024-06-17 00:00:00.009866+00:00,2024-06-17 00:00:00.009866+00:00,
57463db3-5075-4266-844e-f7a15f40d2a8,811a1026-c445-4a9f-8eab-6621a44f2c79,23.02417860681512,6.097958931159524,8.77575529167073,2024-06-17 00:00:00.011225+00:00,2024-06-17 00:00:00.011225+00:00,
c54c18e3-80ab-4185-b95a-1efdf6ccdadc,c1798060-ffbe-4f06-8180-81d8882554ee,28.203104759183933,7.208999257994111,8.099667972291105,2024-06-17 00:00:00.012450+00:00,2024-06-17 00:00:00.012450+00:00,
8d09cf35-649b-4e7d-9ece-e7dcf8a50b15,1497c659-42be-4889-9ff8-dac42c0dffb2,26.209223269659738,6.457248686365643,6.090834141622166,2024-06-17 00:00:00.013780+00:00,2024-06-17 00:00:00.013780+00:00,
891b67d7-9861-4d40-8e27-b3ffc3107e93,fa9d8600-6a45-484f-a741-2e76c4911124,20.257141103131122,7.987367715821678,8.999656823528841,2024-06-17 00:00:00.015103+00:00,2024-06-17 00:00:00.015103+00:00,
ad72de9e-9967-4235-8133-8ba793ab467b,3a567f7b-ecdd-442e-bc70-e617dc6e0a6c,28.17017463347004,6.295172524993383,8.236704759760471,2024-06-17 00:00:00.016607+00:00,2024-06-17 00:00:00.016607+00:00,
389c6c64-0600-42d4-8c96-6df5f4e1ceeb,8c3f9cc7-92ae-48bc-9c62-1467c5bbd4f2,22.38365526146069,7.648361380281867,6.388514718933972,2024-06-17 00:00:00.017959+00:00,2024-06-17 00:00:00.017959+00:00,
4442ab09-8748-48fa-81ac-e86cea066343,be90efa2-fc14-407b-b04a-1d2a3fcb1ad2,22.452505249166528,7.2491165034365705,8.643853977067586,2024-06-17 00:00:00.019364+00:00,2024-06-17 00:00:00.019364+00:00,
a865c48f-3187-454a-ac16-c1327fa5e0b0,d26c6321-89be-46d1-bcca-6073c2cb28a1,25.824778945845825,6.412945955297025,7.35090997641153,2024-06-17 00:00:00.020745+00:00,2024-06-17 00:00:00.020745+00:00,
24f7f0dd-3c20-48f1-8017-c469066e4e48,0a251e6f-3255-4271-83c9-05377d8a4dc4,27.023807159954867,6.348534987739986,8.276350425976862,2024-06-17 00:00:00.022530+00:00,2024-06-17 00:00:00.022530+00:00,
b183cdbc-95b5-43c5-aa70-3d284d66be4b,55dfae62-eb3a-47c5-b335-3c6dea0678c3,28.646313093089855,7.116325213759613,7.485761119200381,2024-06-17 00:00:00.024174+00:00,2024-06-17 00:00:00.024174+00:00,
d30d9811-b9ed-413f-8f18-bf9cb8e388d3,6c69ad64-5f58-4f3e-bb0c-dc9c66647050,22.708537081696726,6.075373932415889,8.465078762504005,2024-06-17 00:00:00.025478+00:00,2024-06-17 00:00:00.025478+00:00,
b9f816de-655f-4b68-b376-485a9a0d689a,9268beb3-e31d-4a9a-9228-417b91d07d5b,24.084663113985393,6.766748196080789,7.098386749236084,2024-06-17 00:00:00.026910+00:00,2024-06-17 00:00:00.026910+00:00,
f54553f2-eba0-4e7e-9b67-8f41c5542ec8,76f98fe1-6222-420c-a146-a132ae1f7fcc,20.768047659258997,7.29471419788176,6.377239489046005,2024-06-17 00:00:00.028301+00:00,2024-06-17 00:00:00.028301+00:00,
e3d84481-fbe6-445b-97fb-7afa3230ca5d,6889b70f-218a-4ddc-a2d1-c2f6bda7b235,29.68903254089553,6.368011528318371,8.440652173062471,2024-06-17 00:00:00.029566+00:00,2024-06-17 00:00:00.029566+00:00,
4a499feb-bbf2-4462-9416-e9c1bb759034,570afd87-fa5d-4f6f-a21b-10c8fd548af4,21.922747698111642,7.9616796038694,8.039849951404827,2024-06-17 00:00:00.031062+00:00,2024-06-17 00:00:00.031062+00:00,
3e714a8f-a9ed-4fff-94a0-a37ad061809c,7bec2b52-1faa-4d63-acf4-f382a16e0f44,20.067029905213914,7.189574323211657,8.494028556848056,2024-06-17 00:00:00.032499+00:00,2024-06-17 00:00:00.032499+00:00,
232162ca-0796-4a3a-a3bb-dc370538ad68,ae246efc-7607-4b76-892e-10736538802c,26.42610886689477,6.356736525950561,7.68408038561001,2024-06-17 00:00:00.033824+00:00,2024-06-17 00:00:00.033824+00:00,
3a7597be-597f-4f9e-a32b-966ea7075ffa,8282bb0c-8516-48c7-90f5-25608bab24ce,24.285025095412415,7.497199642450106,6.320397090815233,2024-06-17 00:00:00.035045+00:00,2024-06-17 00:00:00.035045+00:00,
11b72cfa-92d9-4b76-a596-02d2384378ec,179fc550-0c76-4b36-a3b8-d4c0cbf48e46,22.446273554315333,6.501684602678298,6.998084973197997,2024-06-17 00:00:00.036397+00:00,2024-06-17 00:00:00.036397+00:00,
ff27644c-d98e-43fd-8dd8-b00788d68445,05a0edc1-c2c4-4356-8029-9956cead1878,21.178708423638756,6.182435977399988,6.334816324465929,2024-06-17 00:00:00.037706+00:00,2024-06-17 00:00:00.037706+00:00,
b83d0841-2ac5-4e6c-95f0-8e1b65154b56,19899cb5-b9f8-40c0-9457-aa4c38216fa1,24.499121940979656,6.513104538613414,6.143517950938048,2024-06-17 00:00:00.039086+00:00,2024-06-17 00:00:00.039086+00:00,
48ad9c54-0d95-4fb6-8d43-563f5c99ac96,b738736d-fe85-4051-a1f3-43e01203de78,24.08272067945743,6.275140673184877,6.2045074695332625,2024-06-17 00:00:00.040620+00:00,2024-06-17 00:00:00.040620+00:00,
656892df-f7fd-40aa-a261-05157addbb42,00e1b094-aab0-4b6e-b7fe-5b852af1c884,26.530263737512037,6.250439369732226,6.177494681659155,2024-06-17 00:00:00.041872+00:00,2024-06-17 00:00:00.041872+00:00,
ddbf0994-9f65-4810-8566-75340cc0c34e,7296dd45-01b3-4e89-b002-1fd6039925bf,28.439294562399,6.65751652766858,8.100555654637592,2024-06-17 00:00:00.043377+00:00,2024-06-17 00:00:00.043377+00:00,
7c63d428-bfff-445d-ac52-905949aec882,cfc297be-11af-456f-b0ad-cbd70b6e933c,21.13686429064807,6.777641053824172,7.688063235101062,2024-06-17 00:00:00.044544+00:00,2024-06-17 00:00:00.044544+00:00,
c67fe6ff-bceb-43a3-92e8-81cd85093886,289c200b-1dbc-47c9-9a39-7b140080785c,28.138364448072075,6.156336059177994,8.691937791802713,2024-06-17 00:00:00.045787+00:00,2024-06-17 00:00:00.045787+00:00,
de511faf-7174-4379-b987-59e7a78cf23c,51a1d601-fbaf-422d-ad47-321e44b3f744,26.684880473231434,7.1581410344133145,7.531340661920948,2024-06-17 00:00:00.047071+00:00,2024-06-17 00:00:00.047071+00:00,
8837d30d-f004-4436-87f5-1868e4f1b5f9,f1d55285-f1b3-42cd-aa15-5456ba6b9a6f,22.138281368815026,6.095736557245395,7.251688189731064,2024-06-17 00:00:00.048316+00:00,2024-06-17 00:00:00.048316+00:00,
57bfe258-4d58-4fe8-a7dc-d3df03b54bf5,2d5f05ec-c41b-420d-8253-b4e7606bffcb,22.421377021067237,6.463882539658324,6.909571885813494,2024-06-18 00:00:00.002152+00:00,2024-06-18 00:00:00.002152+00:00,
f69ce87e-ef38-4336-aca2-38d10b88cc16,31cb899c-076e-4efd-b439-994b502ec7d9,23.22611984640304,7.723245930147197,7.7720940923518835,2024-06-18 00:00:00.003577+00:00,2024-06-18 00:00:00.003577+00:00,
10ad38a3-a70a-49f2-9201-0940de30ca30,40663ed2-fe6b-44a9-9d92-c9a5d30694ed,20.82463488528744,7.967962187331987,8.70175115374277,2024-06-18 00:00:00.004739+00:00,2024-06-18 00:00:00.004739+00:00,
aaf17245-e918-47fa-b450-bc4c797901fb,119f6b23-14c9-492a-b869-c4ff0362f66b,20.082466743398104,7.7332586509432995,8.785650162160557,2024-06-18 00:00:00.005951+00:00,2024-06-18 00:00:00.005951+00:00,
3a2bf219-c997-4118-8de1-dd5d30cedbe9,0692963f-afb1-44c1-9b1d-53e0dfb90c45,23.846108034710177,6.965118758689804,8.947479564214404,2024-06-18 00:00:00.007369+00:00,2024-06-18 00:00:00.007369+00:00,
1e408c79-d82f-4f88-ae89-67c581aab4f0,f92f886c-5066-4d2e-b423-0d5241c4d010,23.853095915823367,6.946866216879692,8.765692710237152,2024-06-18 00:00:00.008412+00:00,2024-06-18 00:00:00.008412+00:00,
7949be38-7a9e-4553-931a-4ed02c64a8de,811a1026-c445-4a9f-8eab-6621a44f2c79,28.675481999088888,7.47946356497369,8.418981801610121,2024-06-18 00:00:00.010221+00:00,2024-06-18 00:00:00.010221+00:00,
1893e0d9-403b-44b6-bb60-304f433b6a37,c1798060-ffbe-4f06-8180-81d8882554ee,24.041009315335714,6.825929567639021,7.9253167476301405,2024-06-18 00:00:00.011637+00:00,2024-06-18 00:00:00.011637+00:00,
3471e1f4-207f-4c0d-83e9-74a48ce6c494,1497c659-42be-4889-9ff8-dac42c0dffb2,22.460027555010225,7.525436939131321,7.233804084854624,2024-06-18 00:00:00.012926+00:00,2024-06-18 00:00:00.012926+00:00,
b5e757e9-6cee-4426-a82b-3f628519669a,fa9d8600-6a45-484f-a741-2e76c4911124,20.119730500299664,6.574626435301704,8.923422905750913,2024-06-18 00:00:00.014161+00:00,2024-06-18 00:00:00.014161+00:00,
5b4d685e-c1ef-478b-b80b-efe112c7b64b,3a567f7b-ecdd-442e-bc70-e617dc6e0a6c,29.395477313963227,7.232721728684605,8.246274491761728,2024-06-18 00:00:00.015338+00:00,2024-06-18 00:00:00.015338+00:00,
fa82baff-1c19-46b8-85ac-60d8e4081ed9,8c3f9cc7-92ae-48bc-9c62-1467c5bbd4f2,20.06270062643263,6.495914820215803,8.834358822826983,2024-06-18 00:00:00.016673+00:00,2024-06-18 00:00:00.016673+00:00,
313a236c-1a01-44ed-b692-b8772f530445,be90efa2-fc14-407b-b04a-1d2a3fcb1ad2,28.145834445768493,6.794711080089798,7.60067248197947,2024-06-18 00:00:00.017829+00:00,2024-06-18 00:00:00.017829+00:00,
6f2f25e7-a773-48bb-bed9-bdc0f4578700,d26c6321-89be-46d1-bcca-6073c2cb28a1,21.92240571831172,7.077899457300079,8.536519793459547,2024-06-18 00:00:00.019092+00:00,2024-06-18 00:00:00.019092+00:00,
081f5fe0-c27e-4f4c-92a1-9534fedef708,0a251e6f-3255-4271-83c9-05377d8a4dc4,26.909315218844863,7.200621652557357,6.4970195585656905,2024-06-18 00:00:00.020381+00:00,2024-06-18 00:00:00.020381+00:00,
3d540396-1e32-42c1-9d91-c9b6b68ac84e,55dfae62-eb3a-47c5-b335-3c6dea0678c3,23.10207221872063,6.005472658732871,7.748284786110351,2024-06-18 00:00:00.021940+00:00,2024-06-18 00:00:00.021940+00:00,
a65c0eb8-f206-47fd-b15d-016cadc061bb,6c69ad64-5f58-4f3e-bb0c-dc9c66647050,27.74372674310118,7.388154957776461,7.848636265832917,2024-06-18 00:00:00.023508+00:00,2024-06-18 00:00:00.023508+00:00,
b5a797ba-50e5-482b-9f85-17fa76e56943,9268beb3-e31d-4a9a-9228-417b91d07d5b,20.83680575225429,7.806802610789605,8.703234652716452,2024-06-18 00:00:00.024827+00:00,2024-06-18 00:00:00.024827+00:00,
2a15b9e9-7532-4786-a4f0-4f57f62ab6c6,76f98fe1-6222-420c-a146-a132ae1f7fcc,20.75451946490194,7.801375474332277,8.17084378324703,2024-06-18 00:00:00.026153+00:00,2024-06-18 00:00:00.026153+00:00,
54acdd14-721f-48ad-8c82-85a78820023d,6889b70f-218a-4ddc-a2d1-c2f6bda7b235,24.16008843672109,6.956865923249865,6.684102910281955,2024-06-18 00:00:00.027592+00:00,2024-06-18 00:00:00.027592+00:00,
6a0e6b24-3f86-4563-98c0-aca91eadc231,570afd87-fa5d-4f6f-a21b-10c8fd548af4,29.53345457374947,6.047040950357136,8.080836728104675,2024-06-18 00:00:00.028828+00:00,2024-06-18 00:00:00.028828+00:00,
352913a4-8def-4d07-83b5-fdadfdf568dd,7bec2b52-1faa-4d63-acf4-f382a16e0f44,22.173366750106194,6.054259194445284,7.818040720415904,2024-06-18 00:00:00.029961+00:00,2024-06-18 00:00:00.029961+00:00,
0af08754-e5b8-45b5-b1bf-ace14d7f0cb4,ae246efc-7607-4b76-892e-10736538802c,22.490459595840132,6.315704836827231,6.871225470997719,2024-06-18 00:00:00.031158+00:00,2024-06-18 00:00:00.031158+00:00,
d518fcb1-7881-4e34-a181-59122251ac8e,8282bb0c-8516-48c7-90f5-25608bab24ce,25.55638743449625,6.213213314006556,6.800345787006369,2024-06-18 00:00:00.032468+00:00,2024-06-18 00:00:00.032468+00:00,
8eb33794-bee2-4b62-aecb-3877478807e6,179fc550-0c76-4b36-a3b8-d4c0cbf48e46,22.928532378195694,7.895070120659383,7.453596726312203,2024-06-18 00:00:00.033813+00:00,2024-06-18 00:00:00.033813+00:00,
8abce512-73fb-4b76-bf24-afae9242c7ff,05a0edc1-c2c4-4356-8029-9956cead1878,29.755990908993798,7.971420826728326,8.789259694013237,2024-06-18 00:00:00.034979+00:00,2024-06-18 00:00:00.034979+00:00,
c819e42f-741b-45b4-bef5-6be9e7ce14c3,19899cb5-b9f8-40c0-9457-aa4c38216fa1,20.20055842905192,7.097033425041957,8.984342591383063,2024-06-18 00:00:00.036563+00:00,2024-06-18 00:00:00.036563+00:00,
0eb63bad-d0ef-4b16-b654-82ed4ab5b3fc,b738736d-fe85-4051-a1f3-43e01203de78,20.24322391557042,6.476028226855247,7.513471248701454,2024-06-18 00:00:00.038153+00:00,2024-06-18 00:00:00.038153+00:00,
a58bc031-c3ab-4566-bd09-ef2086819cbc,00e1b094-aab0-4b6e-b7fe-5b852af1c884,22.712975940140183,6.191757414102759,8.949353966233934,2024-06-18 00:00:00.039436+00:00,2024-06-18 00:00:00.039436+00:00,
1c541fe7-4616-40c9-b208-80c4f852305a,7296dd45-01b3-4e89-b002-1fd6039925bf,27.650902147485255,6.129502662579731,7.768072116257828,2024-06-18 00:00:00.040987+00:00,2024-06-18 00:00:00.040987+00:00,
f09b86b7-cdff-4e05-8779-18a0de3267a9,cfc297be-11af-456f-b0ad-cbd70b6e933c,22.56722362874005,7.437280833186698,6.935040103659441,2024-06-18 00:00:00.042358+00:00,2024-06-18 00:00:00.042358+00:00,
7db68308-21d3-4d1f-b038-09ddd0d2b870,acf84132-18d6-4e84-ba8b-3db71edd3a38,22.6353361381503,6.854886112459718,8.660101587797216,2024-06-18 00:00:00.043487+00:00,2024-06-18 00:00:00.043487+00:00,
3c3bb309-0250-4c95-8cf3-493cb1b5df7b,289c200b-1dbc-47c9-9a39-7b140080785c,23.327285753776117,7.8287929327850385,8.5662647003975,2024-06-18 00:00:00.044701+00:00,2024-06-18 00:00:00.044701+00:00,
cd7ee743-61dd-4a6f-9ecb-090d88ae790f,51a1d601-fbaf-422d-ad47-321e44b3f744,23.81074529589684,6.0201747649913715,6.828637203449241,2024-06-18 00:00:00.046046+00:00,2024-06-18 00:00:00.046046+00:00,
fd159348-64a7-43af-9b12-1330f6faaa08,0f4ffd75-ce86-40da-8b8d-1778409f74c1,22.047188128982008,6.78698766834527,6.337527447317144,2024-06-18 00:00:00.047463+00:00,2024-06-18 00:00:00.047463+00:00,
c2378a4b-d1c7-453c-b6bd-d689d3043cac,a1c691ca-b061-41c3-9045-f4e94d8d00cf,27.761266338280734,7.649057149146112,8.831184548923456,2024-06-18 00:00:00.048694+00:00,2024-06-18 00:00:00.048694+00:00,
17f5733c-c68d-4755-be91-a82463da6382,772f313c-d81f-44e8-bcec-b9176b51b4df,26.219125969249113,6.5291080196852045,7.871606584703913,2024-06-18 00:00:00.050104+00:00,2024-06-18 00:00:00.050104+00:00,
ee450c24-86ce-4154-a7fe-56abb0b53a28,6c28d7c7-24af-4681-8d73-35d45a828bad,29.689724658930018,7.987486225051692,8.085829912021435,2024-06-18 00:00:00.051739+00:00,2024-06-18 00:00:00.051739+00:00,
83d76653-b4b9-48b8-977f-3fd988aaaed5,0fd1ad0e-018d-435f-8df2-fe6daf65bf17,24.293308702584035,6.996474993811201,8.585712590880782,2024-06-18 00:00:00.053338+00:00,2024-06-18 00:00:00.053338+00:00,
26513f46-0bac-44a7-aa21-ae0d8aef68eb,9710a811-3d3a-4c8c-8717-0436aa944fa6,22.46336953265568,7.215445756432081,6.20556897305479,2024-06-18 00:00:00.054474+00:00,2024-06-18 00:00:00.054474+00:00,
00ebacac-05ce-4c95-9453-c547a651545a,2d1692c1-5b82-4754-b637-6f8beac37557,29.435727551546,6.490420499676625,8.310545086133398,2024-06-18 00:00:00.055863+00:00,2024-06-18 00:00:00.055863+00:00,
2bab9e05-d4eb-4dac-93b7-3c4de9cba633,f1d55285-f1b3-42cd-aa15-5456ba6b9a6f,20.160207375056764,7.629258463093699,7.806281921631868,2024-06-18 00:00:00.057141+00:00,2024-06-18 00:00:00.057141+00:00,
8ddae5b0-1d77-4608-bc05-03ea704d169a,2d5f05ec-c41b-420d-8253-b4e7606bffcb,26.63500128200465,7.089427352701998,8.112441300811462,2024-06-19 00:00:00.002331+00:00,2024-06-19 00:00:00.002331+00:00,
cc7baa8d-a801-4cf7-89c4-f20d56e1149f,31cb899c-076e-4efd-b439-994b502ec7d9,21.95803366115363,6.777082756106512,7.583779487164822,2024-06-19 00:00:00.004105+00:00,2024-06-19 00:00:00.004105+00:00,
0f45c259-b627-4102-be8a-874a32f0da31,40663ed2-fe6b-44a9-9d92-c9a5d30694ed,28.108666055434092,6.164831301993272,6.225564638221785,2024-06-19 00:00:00.005630+00:00,2024-06-19 00:00:00.005630+00:00,
f2a271e3-1690-4aef-8d51-fec40e22549e,119f6b23-14c9-492a-b869-c4ff0362f66b,24.888872954991854,7.690964093891105,7.279688667155151,2024-06-19 00:00:00.006945+00:00,2024-06-19 00:00:00.006945+00:00,
07d64c97-c8c4-4d43-8c97-4fa12d263b7c,0692963f-afb1-44c1-9b1d-53e0dfb90c45,27.202138598615182,6.623939330945632,7.349869970934592,2024-06-19 00:00:00.008211+00:00,2024-06-19 00:00:00.008211+00:00,
bb50ae41-55fe-4a2b-bc87-6925199da595,f92f886c-5066-4d2e-b423-0d5241c4d010,28.62881795910775,7.949755990576429,6.976321350309368,2024-06-19 00:00:00.009772+00:00,2024-06-19 00:00:00.009772+00:00,
0f0de2d0-8310-46b8-90af-3b90e97b45fc,811a1026-c445-4a9f-8eab-6621a44f2c79,27.541011215863044,7.242849190650426,8.052155169500772,2024-06-19 00:00:00.011123+00:00,2024-06-19 00:00:00.011123+00:00,
b46f6283-5900-4156-9654-85e2a987b029,c1798060-ffbe-4f06-8180-81d8882554ee,20.82799361563879,6.40770394826343,7.647280761908712,2024-06-19 00:00:00.012767+00:00,2024-06-19 00:00:00.012767+00:00,
fdd9bf41-1079-4a0a-914c-9ee171bf4a20,1497c659-42be-4889-9ff8-dac42c0dffb2,26.678113027697062,6.950351138679714,6.115020261548956,2024-06-19 00:00:00.014048+00:00,2024-06-19 00:00:00.014048+00:00,
37927469-8389-409b-b83e-3b4cf9dfbc87,fa9d8600-6a45-484f-a741-2e76c4911124,25.074121084326592,6.974542248426689,6.642382982628705,2024-06-19 00:00:00.015354+00:00,2024-06-19 00:00:00.015354+00:00,
d6f0da42-0372-49a2-93c4-517a6bda1eb8,3a567f7b-ecdd-442e-bc70-e617dc6e0a6c,21.144841662359557,7.0145456702618585,8.705934599939187,2024-06-19 00:00:00.016928+00:00,2024-06-19 00:00:00.016928+00:00,
9237ac0e-0155-4936-915d-c55336d55160,8c3f9cc7-92ae-48bc-9c62-1467c5bbd4f2,24.643562515871775,7.420515440866035,7.345664974440642,2024-06-19 00:00:00.018068+00:00,2024-06-19 00:00:00.018068+00:00,
22bbe138-b0fc-47fa-bad0-bfdd6c488ca6,be90efa2-fc14-407b-b04a-1d2a3fcb1ad2,24.510624780678295,7.4229906966579255,6.656201187046994,2024-06-19 00:00:00.019467+00:00,2024-06-19 00:00:00.019467+00:00,
2e420cc8-14c0-4ca3-9f6d-b096853a36db,d26c6321-89be-46d1-bcca-6073c2cb28a1,27.697102067912727,6.325291693354268,8.464002326706126,2024-06-19 00:00:00.021684+00:00,2024-06-19 00:00:00.021684+00:00,
c43d2761-85de-42d8-9725-23b265fe89df,0a251e6f-3255-4271-83c9-05377d8a4dc4,22.497602781962435,7.188615877011097,6.830766165133912,2024-06-19 00:00:00.023015+00:00,2024-06-19 00:00:00.023015+00:00,
a75e5e14-d1ae-4ce8-9942-0e9fef5f140d,55dfae62-eb3a-47c5-b335-3c6dea0678c3,25.244357499136648,7.319926807157116,6.098965905587136,2024-06-19 00:00:00.024269+00:00,2024-06-19 00:00:00.024269+00:00,
7a1db5a9-497d-4475-8d11-4e4ac90734bf,6c69ad64-5f58-4f3e-bb0c-dc9c66647050,27.094869485389317,6.529063313463386,8.624307584733456,2024-06-19 00:00:00.025463+00:00,2024-06-19 00:00:00.025463+00:00,
8b2f8592-89a7-4963-887d-3105e8fde11a,9268beb3-e31d-4a9a-9228-417b91d07d5b,26.061661051544192,7.56535987761932,8.280176392698746,2024-06-19 00:00:00.026638+00:00,2024-06-19 00:00:00.026638+00:00,
83cb7794-5011-47a3-b8cd-ec81533ad41e,76f98fe1-6222-420c-a146-a132ae1f7fcc,25.763705633691167,6.03843649939683,7.6101203446452015,2024-06-19 00:00:00.027943+00:00,2024-06-19 00:00:00.027943+00:00,
818a5b4d-5d37-4b8c-b738-b083ca9fd95e,6889b70f-218a-4ddc-a2d1-c2f6bda7b235,21.56546063678159,7.530927670497412,6.621701037019928,2024-06-19 00:00:00.029013+00:00,2024-06-19 00:00:00.029013+00:00,
a4321be7-bb86-48cb-be28-24d3502d0c93,570afd87-fa5d-4f6f-a21b-10c8fd548af4,25.606398665805088,6.419486952068574,7.209392722121805,2024-06-19 00:00:00.030389+00:00,2024-06-19 00:00:00.030389+00:00,
cc570040-e398-4436-827d-d80fab8f6504,7bec2b52-1faa-4d63-acf4-f382a16e0f44,21.902740937547033,7.031056655344278,8.688745519355788,2024-06-19 00:00:00.031524+00:00,2024-06-19 00:00:00.031524+00:00,
e683786d-b52a-47ed-a164-4af0074daa9f,ae246efc-7607-4b76-892e-10736538802c,29.868257016079234,7.5141471021689945,7.557808802887299,2024-06-19 00:00:00.032756+00:00,2024-06-19 00:00:00.032756+00:00,
bd010796-ec38-4d68-aae8-4cf3bc6189e7,8282bb0c-8516-48c7-90f5-25608bab24ce,22.754062141728696,6.648548219146865,6.168901428216698,2024-06-19 00:00:00.033873+00:00,2024-06-19 00:00:00.033873+00:00,
7fad6e44-3fec-4438-b542-eb5b078dfbc0,179fc550-0c76-4b36-a3b8-d4c0cbf48e46,26.664404506359446,6.404674411154686,6.609849585461421,2024-06-19 00:00:00.035254+00:00,2024-06-19 00:00:00.035254+00:00,
c9ea0795-e289-4587-9bfc-316fe6e2ce7b,05a0edc1-c2c4-4356-8029-9956cead1878,20.427173330909703,6.273734818194531,8.00239050057736,2024-06-19 00:00:00.036539+00:00,2024-06-19 00:00:00.036539+00:00,
6d58a5c7-30a3-4f6d-9767-4719e4413ff8,19899cb5-b9f8-40c0-9457-aa4c38216fa1,20.21213467008487,6.378791802695217,7.886034533600759,2024-06-19 00:00:00.038021+00:00,2024-06-19 00:00:00.038021+00:00,
25c50ad3-ae11-431a-beb1-34cbcf7a116a,b738736d-fe85-4051-a1f3-43e01203de78,20.09925955636697,7.25025505023017,7.241851745240289,2024-06-19 00:00:00.039436+00:00,2024-06-19 00:00:00.039436+00:00,
631fb038-a3a9-4d7e-9ee1-65dcc074af68,00e1b094-aab0-4b6e-b7fe-5b852af1c884,27.485551420419096,7.41649432889512,7.267967183449797,2024-06-19 00:00:00.040532+00:00,2024-06-19 00:00:00.040532+00:00,
3dbe6355-2302-4df4-ad6b-e20a9572d82b,7296dd45-01b3-4e89-b002-1fd6039925bf,27.05503211695151,6.127339019589407,6.3140334442662445,2024-06-19 00:00:00.041945+00:00,2024-06-19 00:00:00.041945+00:00,
adc3d4a8-438b-4ac3-b8e1-5ccf69c672e9,cfc297be-11af-456f-b0ad-cbd70b6e933c,23.988165135925613,6.289893226810475,6.475531517803153,2024-06-19 00:00:00.043119+00:00,2024-06-19 00:00:00.043119+00:00,
df42a31c-1151-4589-8d5a-b05fb0fd18b1,acf84132-18d6-4e84-ba8b-3db71edd3a38,26.761919015969237,7.423023483013637,6.20080503539749,2024-06-19 00:00:00.044648+00:00,2024-06-19 00:00:00.044648+00:00,
eff6971e-f70b-4475-a89f-d35678bce94e,289c200b-1dbc-47c9-9a39-7b140080785c,21.2993044469922,7.863614271827906,8.462708138924997,2024-06-19 00:00:00.045843+00:00,2024-06-19 00:00:00.045843+00:00,
0ad408d2-5fc6-4502-a07d-9a4fc159b2a3,51a1d601-fbaf-422d-ad47-321e44b3f744,25.19212968741043,6.140881275695036,8.263465965825192,2024-06-19 00:00:00.047176+00:00,2024-06-19 00:00:00.047176+00:00,
d4191bd1-760b-48cb-830e-13c3d1829473,0f4ffd75-ce86-40da-8b8d-1778409f74c1,21.615323885704083,7.53778457916439,6.087856283650431,2024-06-19 00:00:00.048496+00:00,2024-06-19 00:00:00.048496+00:00,
43ee02e3-4940-42a7-9874-4b25d55168ce,a1c691ca-b061-41c3-9045-f4e94d8d00cf,29.271365254501124,7.050753612590498,6.6440775570051045,2024-06-19 00:00:00.049734+00:00,2024-06-19 00:00:00.049734+00:00,
1a976f2c-638c-430e-8319-5072bb7bdd73,772f313c-d81f-44e8-bcec-b9176b51b4df,23.919668137075384,6.241547408912794,8.187613734329727,2024-06-19 00:00:00.051329+00:00,2024-06-19 00:00:00.051329+00:00,
09035f5b-e731-48a1-9133-078596395cc0,6c28d7c7-24af-4681-8d73-35d45a828bad,29.472240306799872,7.354152514444201,8.696423442431295,2024-06-19 00:00:00.052893+00:00,2024-06-19 00:00:00.052893+00:00,
f7f3cc59-eea8-4c0c-99c9-8657e0a464dc,0fd1ad0e-018d-435f-8df2-fe6daf65bf17,24.602690088462523,6.242337961648401,8.332235032063858,2024-06-19 00:00:00.054224+00:00,2024-06-19 00:00:00.054224+00:00,
69ceb344-0741-4e0d-bba8-87a6f0dc4dfb,176245aa-5e56-4013-ac54-c2a4229c92cc,22.21757911595342,6.625813134040214,7.909253285235893,2024-06-19 00:00:00.055365+00:00,2024-06-19 00:00:00.055365+00:00,
be1c3fd0-1392-4a1b-a512-dc989f723411,9710a811-3d3a-4c8c-8717-0436aa944fa6,28.860756693714677,6.684373413095121,7.711952136773525,2024-06-19 00:00:00.056519+00:00,2024-06-19 00:00:00.056519+00:00,
5d5975ee-4ef9-4460-91ad-b28297067af8,2d1692c1-5b82-4754-b637-6f8beac37557,26.453563089190478,6.842158449376332,8.907263864749625,2024-06-19 00:00:00.057694+00:00,2024-06-19 00:00:00.057694+00:00,
bfc867d8-3227-4b58-acc1-d1336843f3f9,72421c5a-5d9d-48b0-b296-ff46728f4be7,22.294844092386928,6.023091514134715,6.427588075396675,2024-06-19 00:00:00.058923+00:00,2024-06-19 00:00:00.058923+00:00,
db462603-eb81-489a-9f2a-edc9ea0b4529,e2f84a6f-3a9d-4656-9095-5b73860317cd,26.39577241874653,6.038303972943179,8.077125083313131,2024-06-19 00:00:00.060186+00:00,2024-06-19 00:00:00.060186+00:00,
fde8d1b7-49c5-4bad-842d-bb3c30366069,616f0bdc-c17d-4632-a052-b334e891465e,27.093346966299983,6.408158066384257,7.253950150815827,2024-06-19 00:00:00.061530+00:00,2024-06-19 00:00:00.061530+00:00,
10f39c6d-52c3-4c79-9b14-eb5ebcc2e37e,1881cf47-45e3-409c-901f-22a72ec572b7,20.67748664047884,7.726377027776114,8.078847612931783,2024-06-19 00:00:00.063059+00:00,2024-06-19 00:00:00.063059+00:00,
9528f5f2-aff0-4e0e-98cb-7710e00ca45f,e56bf6dd-451e-4cc7-a422-ac596e01715f,29.767261081224937,6.324951539055836,6.569919915336323,2024-06-19 00:00:00.064335+00:00,2024-06-19 00:00:00.064335+00:00,
324e2064-e3ec-49c8-96b7-b0a73c3f95a2,b992d3d3-b2dd-4f03-b5b6-0485506daf98,27.818444030781308,7.489714347414683,7.860538219961475,2024-06-19 00:00:00.065708+00:00,2024-06-19 00:00:00.065708+00:00,
94210608-a535-4659-b3ac-1f6aa22240d5,114544b0-1639-4d13-a2ab-1a5aa8c02869,25.430419994275688,7.287387087915436,7.428014990126467,2024-06-19 00:00:00.067091+00:00,2024-06-19 00:00:00.067091+00:00,
619ca0c5-f50a-44e4-bf99-402e5fc36884,e28c4aff-f881-4ff7-a658-485dc50c97e2,26.236033544461947,7.821907725334567,8.776135179522143,2024-06-19 00:00:00.068573+00:00,2024-06-19 00:00:00.068573+00:00,
e65a750a-da9c-4406-80f2-a8f6ca161b67,739ccd20-c92d-4a6f-b4ca-09772f5d77a9,29.962398987064983,7.12556194932719,6.759565943838156,2024-06-19 00:00:00.069870+00:00,2024-06-19 00:00:00.069870+00:00,
41444b7d-1a84-479d-ba50-ff213a9ffdf8,160d1f4f-7154-49f0-b430-5dedb655afd8,26.65514432683842,7.071784704486388,7.504346495090783,2024-06-19 00:00:00.071057+00:00,2024-06-19 00:00:00.071057+00:00,
b923a586-a4b1-43ac-8cae-0829f964cb1d,d1468cc4-d626-48e2-93c9-f0189522516c,26.74479714695732,6.739788085730137,6.241485824099019,2024-06-19 00:00:00.072171+00:00,2024-06-19 00:00:00.072171+00:00,
5f7deb1c-ee63-4156-94b8-54d45c5613b2,f1d55285-f1b3-42cd-aa15-5456ba6b9a6f,29.615568579782458,7.1253643653294505,7.613911657289467,2024-06-19 00:00:00.073603+00:00,2024-06-19 00:00:00.073603+00:00,
3cb010eb-9e68-49d2-9897-843572b98a4f,30621f1a-df07-4723-a746-f21a74287478,25.831803891054776,6.458095393810876,8.727163576929446,2024-06-19 00:00:00.074757+00:00,2024-06-19 00:00:00.074757+00:00,
ed1b5611-0f2a-4d1d-a776-61364a476d35,a4ed30f7-6374-4803-b1e0-f32a9fef6023,22.83885880148844,7.323973501032986,7.685074167004384,2024-06-19 00:00:00.075999+00:00,2024-06-19 00:00:00.075999+00:00,
4a268899-fad1-4b04-8861-bd7b0b110ac3,4d973997-dd46-4812-9407-24bcf6558ca7,29.702523127237374,7.0726841506998825,8.209134280263982,2024-06-19 00:00:00.077437+00:00,2024-06-19 00:00:00.077437+00:00,
552c5f9e-aecb-42c3-ad4b-b21d31b0f16e,1e3dc674-604c-44ef-b30e-21bb96866370,21.027560840114244,6.8110239758851545,6.3845527349217095,2024-06-19 00:00:00.078562+00:00,2024-06-19 00:00:00.078562+00:00,
65bf1329-24c1-46f1-b2db-d88884994be7,3e948ca1-a6c0-406b-8830-9186a2616645,29.24529046401765,6.039489582054952,8.813300713413383,2024-06-19 00:00:00.079948+00:00,2024-06-19 00:00:00.079948+00:00,
84aa367f-f426-46f0-aeec-e270c5a7b026,0f99fcc3-8030-4104-829d-fabdf52bbf01,25.61487199844585,7.480812557303847,7.347774090312618,2024-06-19 00:00:00.081033+00:00,2024-06-19 00:00:00.081033+00:00,
8a4c38c2-1df6-422d-9dcf-9becdf723e19,2d5f05ec-c41b-420d-8253-b4e7606bffcb,20.36185802949475,7.316041365238192,8.94080510999674,2024-06-20 00:00:00.002242+00:00,2024-06-20 00:00:00.002242+00:00,
051eada9-91e3-4121-b803-336e057d6ba4,31cb899c-076e-4efd-b439-994b502ec7d9,25.42781769933264,7.414502471529525,8.567953806178588,2024-06-20 00:00:00.003933+00:00,2024-06-20 00:00:00.003933+00:00,
047cf86b-ac4a-4be5-a8cf-05ebb843e4d4,40663ed2-fe6b-44a9-9d92-c9a5d30694ed,20.323674475110227,7.471814513572204,6.838589000901015,2024-06-20 00:00:00.006113+00:00,2024-06-20 00:00:00.006113+00:00,
1a8485c6-04a5-4981-8402-c14c01511e72,119f6b23-14c9-492a-b869-c4ff0362f66b,21.5888879336176,7.4578104013047595,6.842187009156154,2024-06-20 00:00:00.007367+00:00,2024-06-20 00:00:00.007367+00:00,
4520d0ea-9bc7-4806-9125-ae8a6640250a,0692963f-afb1-44c1-9b1d-53e0dfb90c45,21.454193825191968,7.722709443561543,8.372071737034377,2024-06-20 00:00:00.008656+00:00,2024-06-20 00:00:00.008656+00:00,
d05d06fc-5d20-43b1-9c26-ed222e4cd7d3,f92f886c-5066-4d2e-b423-0d5241c4d010,20.71655549465156,6.408156398996252,8.14946493543945,2024-06-20 00:00:00.009897+00:00,2024-06-20 00:00:00.009897+00:00,
f47c9dcb-972b-4385-8326-49bece327ce2,811a1026-c445-4a9f-8eab-6621a44f2c79,24.269428334953957,6.675195177797967,6.535196670588318,2024-06-20 00:00:00.011359+00:00,2024-06-20 00:00:00.011359+00:00,
f8c72863-d6be-46f9-85b2-c23b8629cf4f,c1798060-ffbe-4f06-8180-81d8882554ee,22.790242777751008,7.026859906123288,8.68500895442209,2024-06-20 00:00:00.012512+00:00,2024-06-20 00:00:00.012512+00:00,
be35d325-ba29-4f31-88d7-2e7266674e51,1497c659-42be-4889-9ff8-dac42c0dffb2,28.240353228091777,7.596174862081211,6.197775747289956,2024-06-20 00:00:00.013809+00:00,2024-06-20 00:00:00.013809+00:00,
e32b1994-263b-4865-874b-a29269efbc57,fa9d8600-6a45-484f-a741-2e76c4911124,23.663567308459555,7.650951417114001,8.471218054598157,2024-06-20 00:00:00.015147+00:00,2024-06-20 00:00:00.015147+00:00,
b1dd7396-45ef-434f-b3a6-142e58770871,3a567f7b-ecdd-442e-bc70-e617dc6e0a6c,25.10355151380663,6.983032799082277,7.162724763435407,2024-06-20 00:00:00.016712+00:00,2024-06-20 00:00:00.016712+00:00,
3c42a88e-4e2b-4dd1-a040-18439d90e614,8c3f9cc7-92ae-48bc-9c62-1467c5bbd4f2,21.81152630661543,7.077093014760463,8.9916466848958,2024-06-20 00:00:00.018395+00:00,2024-06-20 00:00:00.018395+00:00,
1464769d-f2bf-4639-a3f2-e61d094570c7,be90efa2-fc14-407b-b04a-1d2a3fcb1ad2,26.68819611799043,6.953685318671844,8.059264131754313,2024-06-20 00:00:00.020070+00:00,2024-06-20 00:00:00.020070+00:00,
648cdaa4-7a88-40bc-a26d-b299abd45a98,d26c6321-89be-46d1-bcca-6073c2cb28a1,25.562366152793718,7.404604834031171,7.2542245900474125,2024-06-20 00:00:00.021341+00:00,2024-06-20 00:00:00.021341+00:00,
8cae17eb-b230-4191-9b1d-34677cf91506,0a251e6f-3255-4271-83c9-05377d8a4dc4,22.41379523477065,6.64970566580031,7.355639517827068,2024-06-20 00:00:00.023128+00:00,2024-06-20 00:00:00.023128+00:00,
70a9f53e-37ec-4996-8c08-6052b32490b4,55dfae62-eb3a-47c5-b335-3c6dea0678c3,25.575410203855842,6.907804351176655,8.74617136167261,2024-06-20 00:00:00.024367+00:00,2024-06-20 00:00:00.024367+00:00,
39cf491e-9b00-452c-b65b-d76d0622ae47,6c69ad64-5f58-4f3e-bb0c-dc9c66647050,27.329636118068592,6.987998625526688,6.744120790710933,2024-06-20 00:00:00.025776+00:00,2024-06-20 00:00:00.025776+00:00,
25f69511-b220-443e-ad3b-74b2fbacf6bb,9268beb3-e31d-4a9a-9228-417b91d07d5b,25.957923797735727,7.748018428686105,8.61440132300013,2024-06-20 00:00:00.027169+00:00,2024-06-20 00:00:00.027169+00:00,
a6a6fb84-309f-43cb-9f0d-6bf97716068c,76f98fe1-6222-420c-a146-a132ae1f7fcc,28.523673590896152,6.9097454886609055,8.624093732957375,2024-06-20 00:00:00.028564+00:00,2024-06-20 00:00:00.028564+00:00,
9437245d-4b36-4fff-981a-c60f924678b9,6889b70f-218a-4ddc-a2d1-c2f6bda7b235,20.370997421772557,7.302311659020903,8.9095410842716,2024-06-20 00:00:00.029917+00:00,2024-06-20 00:00:00.029917+00:00,
bb2a9e07-af8b-4d6e-8905-8dbf99372260,570afd87-fa5d-4f6f-a21b-10c8fd548af4,26.365100192759858,6.403964039767044,7.549343357686361,2024-06-20 00:00:00.031528+00:00,2024-06-20 00:00:00.031528+00:00,
b45ea30f-6666-45fd-bb96-826f950c3f25,7bec2b52-1faa-4d63-acf4-f382a16e0f44,26.96811986880152,7.518014516175563,8.381086365671443,2024-06-20 00:00:00.032728+00:00,2024-06-20 00:00:00.032728+00:00,
33d1787f-af83-4d63-8bce-105d37aa58b6,ae246efc-7607-4b76-892e-10736538802c,24.309564985350434,6.179189277313073,7.132533920566594,2024-06-20 00:00:00.034300+00:00,2024-06-20 00:00:00.034300+00:00,
01f63d21-d7a7-4d03-b5f2-dc63e8ad0784,8282bb0c-8516-48c7-90f5-25608bab24ce,23.908394384611533,6.403983936195361,7.775366079749649,2024-06-20 00:00:00.035589+00:00,2024-06-20 00:00:00.035589+00:00,
4e20e944-2b14-429a-a903-7e49e6d539b1,179fc550-0c76-4b36-a3b8-d4c0cbf48e46,26.376312600674503,6.876745077568903,7.304778330757623,2024-06-20 00:00:00.036915+00:00,2024-06-20 00:00:00.036915+00:00,
c4826988-e16b-467c-9499-9c103ace6288,05a0edc1-c2c4-4356-8029-9956cead1878,28.501022807666907,6.191952493612255,6.441679752366301,2024-06-20 00:00:00.038095+00:00,2024-06-20 00:00:00.038095+00:00,
ac88f20b-3548-4fd8-bb7e-a50b98567948,19899cb5-b9f8-40c0-9457-aa4c38216fa1,28.34768407763458,7.149429948371795,7.163431972901598,2024-06-20 00:00:00.039334+00:00,2024-06-20 00:00:00.039334+00:00,
cb7e2d95-842f-4f74-9db6-356034854fe7,b738736d-fe85-4051-a1f3-43e01203de78,20.165867914281947,7.651013696022112,6.63685662291358,2024-06-20 00:00:00.040838+00:00,2024-06-20 00:00:00.040838+00:00,
5e2116a1-42bf-4890-bbb7-02c143f56f46,00e1b094-aab0-4b6e-b7fe-5b852af1c884,27.655359330235104,7.274500721667036,7.239146336720832,2024-06-20 00:00:00.042405+00:00,2024-06-20 00:00:00.042405+00:00,
606ba7ae-c756-41ab-9675-36bbdff73fa9,7296dd45-01b3-4e89-b002-1fd6039925bf,26.031211821489798,6.236117929891845,8.975590126447848,2024-06-20 00:00:00.043687+00:00,2024-06-20 00:00:00.043687+00:00,
b4f44923-3c51-4740-9bfd-5a566fcdba14,cfc297be-11af-456f-b0ad-cbd70b6e933c,24.607273315293526,7.379316492299923,6.964705405125571,2024-06-20 00:00:00.045051+00:00,2024-06-20 00:00:00.045051+00:00,
a07c7a5d-9685-470d-a72d-b049d469936d,acf84132-18d6-4e84-ba8b-3db71edd3a38,28.793662310910385,7.963185376020344,7.73748690200894,2024-06-20 00:00:00.046674+00:00,2024-06-20 00:00:00.046674+00:00,
e5892fd5-ff1a-490c-97be-e88b1d74a872,289c200b-1dbc-47c9-9a39-7b140080785c,25.257202088865448,7.327831856089147,6.313683147210357,2024-06-20 00:00:00.048066+00:00,2024-06-20 00:00:00.048066+00:00,
2feac5ed-4578-4f7c-8137-707ff52758fc,51a1d601-fbaf-422d-ad47-321e44b3f744,27.84618737179183,7.98332274018882,8.17239808163658,2024-06-20 00:00:00.049249+00:00,2024-06-20 00:00:00.049249+00:00,
0f3a5f0c-60c6-459c-ac19-59139564a837,0f4ffd75-ce86-40da-8b8d-1778409f74c1,26.18761429897112,6.623219396689018,6.924644570048379,2024-06-20 00:00:00.050521+00:00,2024-06-20 00:00:00.050521+00:00,
48acd111-2b6c-48dc-a4e4-4209212b985e,a1c691ca-b061-41c3-9045-f4e94d8d00cf,22.41520256000467,7.156741622713386,8.148484345185194,2024-06-20 00:00:00.051927+00:00,2024-06-20 00:00:00.051927+00:00,
539d534b-4aa2-4220-bf92-9cc2533db45a,772f313c-d81f-44e8-bcec-b9176b51b4df,28.24042693793523,7.302015146499274,7.23948905217738,2024-06-20 00:00:00.053177+00:00,2024-06-20 00:00:00.053177+00:00,
b9334023-42a9-4a85-93af-ed9221a4638f,6c28d7c7-24af-4681-8d73-35d45a828bad,29.641866174965617,6.234215275119695,6.586465378346297,2024-06-20 00:00:00.054450+00:00,2024-06-20 00:00:00.054450+00:00,
5691552e-b5ea-4223-b876-a57613908fa7,0fd1ad0e-018d-435f-8df2-fe6daf65bf17,26.4398188517617,7.4013559831345415,8.898293093665703,2024-06-20 00:00:00.055735+00:00,2024-06-20 00:00:00.055735+00:00,
d76f4b44-962e-4644-8279-efac96d6ba3c,176245aa-5e56-4013-ac54-c2a4229c92cc,29.634837541136946,6.627930633848277,8.035820119933335,2024-06-20 00:00:00.057006+00:00,2024-06-20 00:00:00.057006+00:00,
7d3dcb20-d3e8-498d-9d6a-7550605bb7fc,9710a811-3d3a-4c8c-8717-0436aa944fa6,20.091601758768455,6.714378953298545,6.199764265012229,2024-06-20 00:00:00.058278+00:00,2024-06-20 00:00:00.058278+00:00,
7b8e1d21-e05c-49e6-bf47-27fc9fa15f28,2d1692c1-5b82-4754-b637-6f8beac37557,25.83791844964772,6.599656690326452,7.741918043735345,2024-06-20 00:00:00.059456+00:00,2024-06-20 00:00:00.059456+00:00,
4294a3df-28bb-4b58-85c7-edb32985119e,72421c5a-5d9d-48b0-b296-ff46728f4be7,25.0759372618945,7.07388545487494,7.2483400728514695,2024-06-20 00:00:00.060679+00:00,2024-06-20 00:00:00.060679+00:00,
e76fa57d-c754-40cd-b5c5-e4efd91d754a,e2f84a6f-3a9d-4656-9095-5b73860317cd,22.90752668367828,6.954840035104472,7.523742137863222,2024-06-20 00:00:00.061895+00:00,2024-06-20 00:00:00.061895+00:00,
ccd1f6ed-f5ab-4586-9a2f-fb8925dd4a05,616f0bdc-c17d-4632-a052-b334e891465e,23.968667193255982,7.592595123667744,7.771719679155994,2024-06-20 00:00:00.063258+00:00,2024-06-20 00:00:00.063258+00:00,
a36b70db-1dae-4ca3-a273-e0c21114a6e6,1881cf47-45e3-409c-901f-22a72ec572b7,28.414771607002656,7.577363665166065,6.867654893046392,2024-06-20 00:00:00.064452+00:00,2024-06-20 00:00:00.064452+00:00,
3942e136-38ef-420f-8042-969c0c697b7a,e56bf6dd-451e-4cc7-a422-ac596e01715f,24.246570630159887,6.052406319186176,8.250646731320067,2024-06-20 00:00:00.065945+00:00,2024-06-20 00:00:00.065945+00:00,
b3650882-78c2-4540-a047-db53d1c18a7e,b992d3d3-b2dd-4f03-b5b6-0485506daf98,24.29409557134532,7.564219926664572,7.777301522632678,2024-06-20 00:00:00.067103+00:00,2024-06-20 00:00:00.067103+00:00,
b8ba3fc3-9826-4acd-89d1-98b000ef1735,114544b0-1639-4d13-a2ab-1a5aa8c02869,28.73676907076067,7.898968381357127,7.867683996806321,2024-06-20 00:00:00.068634+00:00,2024-06-20 00:00:00.068634+00:00,
ef6eb93d-a963-4b23-b198-5489d85052f6,e28c4aff-f881-4ff7-a658-485dc50c97e2,23.130053618700632,6.4454479942743195,6.265892804315248,2024-06-20 00:00:00.069938+00:00,2024-06-20 00:00:00.069938+00:00,
7a621734-d085-4b0b-a17f-e1827b9fe09d,739ccd20-c92d-4a6f-b4ca-09772f5d77a9,24.85214378311,6.229991909520488,6.383412112434415,2024-06-20 00:00:00.071187+00:00,2024-06-20 00:00:00.071187+00:00,
3884f4fa-641b-4e19-a642-f0187ca55326,160d1f4f-7154-49f0-b430-5dedb655afd8,24.10923860647729,6.942108228281537,7.394196776494071,2024-06-20 00:00:00.072672+00:00,2024-06-20 00:00:00.072672+00:00,
c772f055-fca6-4b2c-af14-db1c9f133587,d1468cc4-d626-48e2-93c9-f0189522516c,27.307909552283128,7.647011016048917,6.491822012591666,2024-06-20 00:00:00.074242+00:00,2024-06-20 00:00:00.074242+00:00,
4643e7e2-8206-4206-8877-e87bf6412c44,f1d55285-f1b3-42cd-aa15-5456ba6b9a6f,20.60423537118449,7.534121644894367,8.09935912384343,2024-06-20 00:00:00.075447+00:00,2024-06-20 00:00:00.075447+00:00,
40f6aa24-7095-45ef-8893-a46734ef2b1e,30621f1a-df07-4723-a746-f21a74287478,29.96466769808262,7.7448606156561315,7.305382270479959,2024-06-20 00:00:00.076779+00:00,2024-06-20 00:00:00.076779+00:00,
887ef4f3-8a23-40ca-afac-b6fa759c3ebc,a4ed30f7-6374-4803-b1e0-f32a9fef6023,24.959878196603984,7.586474930820037,8.48040148281947,2024-06-20 00:00:00.077998+00:00,2024-06-20 00:00:00.077998+00:00,
24f633ce-e68e-4ff8-84f1-54d28ca0f6ca,4d973997-dd46-4812-9407-24bcf6558ca7,20.39620378645371,7.015242129383423,7.216720230904732,2024-06-20 00:00:00.079195+00:00,2024-06-20 00:00:00.079195+00:00,
5b373295-ed39-446b-90db-ce145bad4af6,1e3dc674-604c-44ef-b30e-21bb96866370,20.920543159211554,6.141155357901116,8.664435831021219,2024-06-20 00:00:00.080494+00:00,2024-06-20 00:00:00.080494+00:00,
36fee5ef-ed5d-40f7-acc4-b8b02844a74c,3e948ca1-a6c0-406b-8830-9186a2616645,29.09218059064162,6.227879331136041,8.029617606561224,2024-06-20 00:00:00.081965+00:00,2024-06-20 00:00:00.081965+00:00,
fc94630f-1209-4b9a-8eee-20114f431cb0,0f99fcc3-8030-4104-829d-fabdf52bbf01,27.26604877995291,7.4102284658136295,8.714025363642028,2024-06-20 00:00:00.083129+00:00,2024-06-20 00:00:00.083129+00:00,
38a902f8-f848-4591-9371-f42738174eee,2d5f05ec-c41b-420d-8253-b4e7606bffcb,20.95833251978981,6.452995107968607,6.386802089745865,2024-06-21 00:00:00.002227+00:00,2024-06-21 00:00:00.002227+00:00,
3deb9a5b-a9fd-470b-af6d-f6118c2eefeb,31cb899c-076e-4efd-b439-994b502ec7d9,29.8160179082197,6.703523388366817,8.087756888946316,2024-06-21 00:00:00.004090+00:00,2024-06-21 00:00:00.004090+00:00,
bd68975e-089c-462a-abdd-0b10883d5394,40663ed2-fe6b-44a9-9d92-c9a5d30694ed,21.41974474436248,6.7187559125017025,7.400121635300504,2024-06-21 00:00:00.005431+00:00,2024-06-21 00:00:00.005431+00:00,
ca3b628f-8ddd-42a3-9e8c-5689a1697e44,119f6b23-14c9-492a-b869-c4ff0362f66b,26.300188335127768,7.905345721537981,6.181938820465436,2024-06-21 00:00:00.006549+00:00,2024-06-21 00:00:00.006549+00:00,
c5ab1bc5-d06e-44fc-98eb-101283541af4,0692963f-afb1-44c1-9b1d-53e0dfb90c45,24.54355608463195,7.073487274424953,6.171449077744589,2024-06-21 00:00:00.007826+00:00,2024-06-21 00:00:00.007826+00:00,
c6fef8af-8a0d-4cb5-a41f-df9c8863c7cf,f92f886c-5066-4d2e-b423-0d5241c4d010,25.388812995751767,7.651719932043385,7.418489094016419,2024-06-21 00:00:00.008950+00:00,2024-06-21 00:00:00.008950+00:00,
09246ea4-c828-413e-be56-b4474090c799,811a1026-c445-4a9f-8eab-6621a44f2c79,20.3615352411483,7.884859181799857,8.338103121749942,2024-06-21 00:00:00.010126+00:00,2024-06-21 00:00:00.010126+00:00,
82ce3c3d-0ebb-4a65-861c-21969790961b,c1798060-ffbe-4f06-8180-81d8882554ee,22.520842588958125,7.124843242875546,6.903694937866423,2024-06-21 00:00:00.011362+00:00,2024-06-21 00:00:00.011362+00:00,
b4eca836-53d4-41d9-9f15-c76be634cb35,1497c659-42be-4889-9ff8-dac42c0dffb2,23.33578534453984,7.223009539394946,6.125981865148518,2024-06-21 00:00:00.012765+00:00,2024-06-21 00:00:00.012765+00:00,
d5c7000a-381c-4a98-b8b4-833c0ab9647b,fa9d8600-6a45-484f-a741-2e76c4911124,26.011114988299447,7.584257715173726,6.993446107395705,2024-06-21 00:00:00.013908+00:00,2024-06-21 00:00:00.013908+00:00,
34e555da-a89b-423e-8f83-19558dc5a729,3a567f7b-ecdd-442e-bc70-e617dc6e0a6c,20.318617296617994,6.081908665372095,8.845696522389524,2024-06-21 00:00:00.015130+00:00,2024-06-21 00:00:00.015130+00:00,
bc422578-2d84-4a3e-a36b-c09d7363fc1a,8c3f9cc7-92ae-48bc-9c62-1467c5bbd4f2,24.022979218588876,7.902725112642799,6.097749230519972,2024-06-21 00:00:00.016722+00:00,2024-06-21 00:00:00.016722+00:00,
4ef804ee-eea8-4ce2-8a31-205d8e208f8b,be90efa2-fc14-407b-b04a-1d2a3fcb1ad2,23.51867112446445,6.817421014141433,7.95391161275891,2024-06-21 00:00:00.018038+00:00,2024-06-21 00:00:00.018038+00:00,
6edbf645-4ac6-499a-9378-b01f83dad2a9,d26c6321-89be-46d1-bcca-6073c2cb28a1,23.371436204902736,6.8701033898815504,8.049161159088806,2024-06-21 00:00:00.019579+00:00,2024-06-21 00:00:00.019579+00:00,
55211927-f3c8-492f-9115-d30ab1ae0b70,0a251e6f-3255-4271-83c9-05377d8a4dc4,28.296413746158503,6.008356185339776,6.146080165217904,2024-06-21 00:00:00.021033+00:00,2024-06-21 00:00:00.021033+00:00,
66c959b2-32a2-4536-86a2-8d20b769c60b,55dfae62-eb3a-47c5-b335-3c6dea0678c3,22.415860944011143,7.473333865341087,8.81004841673523,2024-06-21 00:00:00.022397+00:00,2024-06-21 00:00:00.022397+00:00,
391b1aa5-fffc-48c2-bfaf-535d3f7153ee,6c69ad64-5f58-4f3e-bb0c-dc9c66647050,23.622146055551053,6.476883791128787,6.456280805318512,2024-06-21 00:00:00.023630+00:00,2024-06-21 00:00:00.023630+00:00,
ec72c18a-40e1-42a4-93f9-40610a8881fe,9268beb3-e31d-4a9a-9228-417b91d07d5b,23.34553263972422,6.513059294840714,7.104230409894569,2024-06-21 00:00:00.025262+00:00,2024-06-21 00:00:00.025262+00:00,
963c0aff-37ab-4cfa-9049-bda167a381a5,76f98fe1-6222-420c-a146-a132ae1f7fcc,24.8990355923303,7.443470498700924,7.381515820711009,2024-06-21 00:00:00.026704+00:00,2024-06-21 00:00:00.026704+00:00,
11258143-16bb-4918-8783-0ce708f5a8c0,6889b70f-218a-4ddc-a2d1-c2f6bda7b235,27.77637048514358,6.030484563149797,8.221184443097082,2024-06-21 00:00:00.028292+00:00,2024-06-21 00:00:00.028292+00:00,
2a83a23e-9561-4ce7-adb1-b292579087cc,570afd87-fa5d-4f6f-a21b-10c8fd548af4,29.175870293470183,7.621928701423437,6.450868818520529,2024-06-21 00:00:00.029460+00:00,2024-06-21 00:00:00.029460+00:00,
f2fc4695-20de-479c-b1ad-54d406ad64e1,7bec2b52-1faa-4d63-acf4-f382a16e0f44,20.874611269078592,6.076268704631314,6.59720790152574,2024-06-21 00:00:00.031014+00:00,2024-06-21 00:00:00.031014+00:00,
1cde5906-d92f-46d0-8347-618db0f2621b,ae246efc-7607-4b76-892e-10736538802c,28.326845121407924,6.551715431189415,8.562221069836097,2024-06-21 00:00:00.032582+00:00,2024-06-21 00:00:00.032582+00:00,
318c68e8-f94d-4518-924b-61044a3b73ff,8282bb0c-8516-48c7-90f5-25608bab24ce,22.798962157470175,7.243681236087463,8.228055316749922,2024-06-21 00:00:00.034087+00:00,2024-06-21 00:00:00.034087+00:00,
caf6367a-b575-4727-ac2c-51615e72b3ce,179fc550-0c76-4b36-a3b8-d4c0cbf48e46,29.4891167348377,6.207533751216496,7.698887311239373,2024-06-21 00:00:00.035668+00:00,2024-06-21 00:00:00.035668+00:00,
5ed98b31-31c7-41ec-8f03-e9b1cec7f4f0,05a0edc1-c2c4-4356-8029-9956cead1878,29.594649726489873,7.391878970924356,6.377256409570612,2024-06-21 00:00:00.036811+00:00,2024-06-21 00:00:00.036811+00:00,
c6cfef6f-5942-4b06-b971-bf84537b5239,19899cb5-b9f8-40c0-9457-aa4c38216fa1,27.969706639947866,7.467817057564941,8.577945157710538,2024-06-21 00:00:00.038195+00:00,2024-06-21 00:00:00.038195+00:00,
ee5f1b0d-6ff2-4b53-9493-2897b3cb01aa,b738736d-fe85-4051-a1f3-43e01203de78,26.869641684487824,6.896731671624953,8.006015693794723,2024-06-21 00:00:00.039563+00:00,2024-06-21 00:00:00.039563+00:00,
3a32ef0d-5480-453b-afb2-68b55201f498,00e1b094-aab0-4b6e-b7fe-5b852af1c884,20.98201849603495,7.153899179109702,7.1565169910844695,2024-06-21 00:00:00.041197+00:00,2024-06-21 00:00:00.041197+00:00,
949de446-c35a-49ca-a81b-42a2be9e31af,7296dd45-01b3-4e89-b002-1fd6039925bf,22.499304599872037,7.306364026049529,8.192859424150447,2024-06-21 00:00:00.042544+00:00,2024-06-21 00:00:00.042544+00:00,
2b26c60c-477d-4b2a-a4c3-2d5f5403355e,cfc297be-11af-456f-b0ad-cbd70b6e933c,25.078743344153082,7.874747949868452,7.079233062277561,2024-06-21 00:00:00.043707+00:00,2024-06-21 00:00:00.043707+00:00,
37704a45-45e3-49f9-95d3-a0b1dad2e5af,acf84132-18d6-4e84-ba8b-3db71edd3a38,27.020801747562206,7.809181359234161,6.4326956099609305,2024-06-21 00:00:00.044951+00:00,2024-06-21 00:00:00.044951+00:00,
9530d202-cace-489c-bda1-210a7a1736a9,289c200b-1dbc-47c9-9a39-7b140080785c,20.709812283964403,7.575654212941783,7.452575977113347,2024-06-21 00:00:00.046184+00:00,2024-06-21 00:00:00.046184+00:00,
bd8640d3-ff25-4835-9be4-8600d2bc18fc,51a1d601-fbaf-422d-ad47-321e44b3f744,24.68668665681033,6.796983114333145,7.72878643387948,2024-06-21 00:00:00.047321+00:00,2024-06-21 00:00:00.047321+00:00,
837d734d-a5dd-4adf-a791-224eceed3e97,0f4ffd75-ce86-40da-8b8d-1778409f74c1,26.418467491697147,7.4661513581907695,6.2331988052919005,2024-06-21 00:00:00.048546+00:00,2024-06-21 00:00:00.048546+00:00,
c6586cbb-84c0-473e-b79c-2a788c863e9e,a1c691ca-b061-41c3-9045-f4e94d8d00cf,29.664400404144224,7.944197196770075,7.021672411132167,2024-06-21 00:00:00.050092+00:00,2024-06-21 00:00:00.050092+00:00,
a6df1061-4b15-4d30-a775-2618962fa8dc,772f313c-d81f-44e8-bcec-b9176b51b4df,29.046497644389078,7.080111641441819,7.038577859772289,2024-06-21 00:00:00.051253+00:00,2024-06-21 00:00:00.051253+00:00,
7d37a8ad-59c9-4e84-bbad-7fcc54695142,6c28d7c7-24af-4681-8d73-35d45a828bad,27.884496320721773,7.882999450236034,6.097426454868885,2024-06-21 00:00:00.052574+00:00,2024-06-21 00:00:00.052574+00:00,
adddd69a-c573-4d6c-af9c-8a1ebd9d869d,0fd1ad0e-018d-435f-8df2-fe6daf65bf17,27.586868446956345,7.0352836945264965,6.6853026647467,2024-06-21 00:00:00.053869+00:00,2024-06-21 00:00:00.053869+00:00,
b7271b63-8f3a-4ecc-9b97-31039319e9e9,176245aa-5e56-4013-ac54-c2a4229c92cc,23.1374038103534,6.2461919892380635,6.672330943134381,2024-06-21 00:00:00.054986+00:00,2024-06-21 00:00:00.054986+00:00,
834031cc-f825-46c7-9317-ffee4ea56731,9710a811-3d3a-4c8c-8717-0436aa944fa6,20.923548053226387,6.329866499302427,8.205349665200355,2024-06-21 00:00:00.057119+00:00,2024-06-21 00:00:00.057119+00:00,
128c8b7c-deff-4b7f-a7cb-8ac1ad57f77e,2d1692c1-5b82-4754-b637-6f8beac37557,27.021573009102866,6.343190017402481,7.254954725808336,2024-06-21 00:00:00.058399+00:00,2024-06-21 00:00:00.058399+00:00,
d49cac78-814d-4bd8-9d17-712165c04bf1,72421c5a-5d9d-48b0-b296-ff46728f4be7,23.24256020129824,7.834100906715282,7.185153309113571,2024-06-21 00:00:00.060022+00:00,2024-06-21 00:00:00.060022+00:00,
2ba443d0-b90e-4953-a257-dd7bfff0d8fb,e2f84a6f-3a9d-4656-9095-5b73860317cd,29.51703733978085,6.937760818594308,8.843386997628528,2024-06-21 00:00:00.061544+00:00,2024-06-21 00:00:00.061544+00:00,
90c51198-85fa-4911-a314-ee8aad465540,616f0bdc-c17d-4632-a052-b334e891465e,26.70843119277599,6.212543413326658,6.826289642568357,2024-06-21 00:00:00.062657+00:00,2024-06-21 00:00:00.062657+00:00,
932b3aa3-4cc1-4e3d-a0dd-81e8f5f5f312,1881cf47-45e3-409c-901f-22a72ec572b7,23.751035840298254,6.130240217965339,8.899042207059605,2024-06-21 00:00:00.063902+00:00,2024-06-21 00:00:00.063902+00:00,
dd3b0a57-2d48-417d-b8bc-7a57389e5373,e56bf6dd-451e-4cc7-a422-ac596e01715f,23.070485404300836,6.0076865734360325,7.526907755638277,2024-06-21 00:00:00.065272+00:00,2024-06-21 00:00:00.065272+00:00,
1aa93bab-9884-42ee-af0f-21742018764d,b992d3d3-b2dd-4f03-b5b6-0485506daf98,21.40204414250039,7.615934612015231,8.876155042697619,2024-06-21 00:00:00.066458+00:00,2024-06-21 00:00:00.066458+00:00,
cd9dc9f4-54d9-4fc2-934d-d95692d05d30,114544b0-1639-4d13-a2ab-1a5aa8c02869,24.865782090014882,7.356277530004529,7.810636172256787,2024-06-21 00:00:00.067874+00:00,2024-06-21 00:00:00.067874+00:00,
0e0b9d14-cbd1-40b0-9d4d-b7bdc949ddcc,e28c4aff-f881-4ff7-a658-485dc50c97e2,23.2289745459556,7.773223322924419,7.571148424751926,2024-06-21 00:00:00.069174+00:00,2024-06-21 00:00:00.069174+00:00,
c94c23fb-d8ef-404e-9146-3a75e25d4c86,739ccd20-c92d-4a6f-b4ca-09772f5d77a9,24.51027779099349,7.798544689181796,8.161366954854138,2024-06-21 00:00:00.070367+00:00,2024-06-21 00:00:00.070367+00:00,
356fface-e39c-41c5-b62b-b63fe1bc46af,160d1f4f-7154-49f0-b430-5dedb655afd8,25.8188956573007,6.384579394436983,6.565663064637867,2024-06-21 00:00:00.071755+00:00,2024-06-21 00:00:00.071755+00:00,
f45ef8a1-1146-4c96-92d4-1c3e3e19e9cc,d1468cc4-d626-48e2-93c9-f0189522516c,24.424497167746672,7.696287357166211,7.374136331983638,2024-06-21 00:00:00.072974+00:00,2024-06-21 00:00:00.072974+00:00,
2decf22b-ed4a-47ba-9270-2c9f7a5e6997,f1d55285-f1b3-42cd-aa15-5456ba6b9a6f,21.266681747288516,7.441412052128189,8.938956108162346,2024-06-21 00:00:00.074170+00:00,2024-06-21 00:00:00.074170+00:00,
259b134e-6208-4f2a-9de3-14a73ba78dba,30621f1a-df07-4723-a746-f21a74287478,26.32924503620532,7.7704360417993215,6.706395566800231,2024-06-21 00:00:00.075516+00:00,2024-06-21 00:00:00.075516+00:00,
4495142f-a3d9-4949-989e-4f73bbfd157a,a4ed30f7-6374-4803-b1e0-f32a9fef6023,20.188623366203526,6.936843610608228,7.229985100835192,2024-06-21 00:00:00.076880+00:00,2024-06-21 00:00:00.076880+00:00,
d8ba8031-9a2a-43d8-84db-23904ac7971d,4d973997-dd46-4812-9407-24bcf6558ca7,26.57847994420915,6.8111988141268895,6.234157872992761,2024-06-21 00:00:00.077941+00:00,2024-06-21 00:00:00.077941+00:00,
02e6a730-5100-4d91-acb9-d8a2df617b19,1e3dc674-604c-44ef-b30e-21bb96866370,23.279256123835005,7.269080793098299,7.897513690480579,2024-06-21 00:00:00.079437+00:00,2024-06-21 00:00:00.079437+00:00,
1b3f372b-e901-4414-93b0-15a2ea09970d,3e948ca1-a6c0-406b-8830-9186a2616645,25.578981294456206,7.7953980007402865,6.2454619286654625,2024-06-21 00:00:00.080945+00:00,2024-06-21 00:00:00.080945+00:00,
628edcd2-1523-4424-933c-04538174a7e8,0f99fcc3-8030-4104-829d-fabdf52bbf01,29.40327446860969,7.623147895510844,8.42886801027068,2024-06-21 00:00:00.082120+00:00,2024-06-21 00:00:00.082120+00:00,
2efcbc62-716c-47dd-9da8-ee96a9f26660,2534e423-24e0-4751-8073-ebcd19061a9b,22.802661484801597,6.9339888081559184,7.2805858044816985,2024-06-23 00:00:00.002171+00:00,2024-06-23 00:00:00.002171+00:00,
d3dd17d4-1775-4b10-b269-8bc0e3a703da,96889087-ffe7-4895-9d0f-42b422f33299,29.19348144380011,6.305726188103093,8.743478787780832,2024-06-23 00:00:00.004092+00:00,2024-06-23 00:00:00.004092+00:00,
81efe7c2-bb8b-4c5a-8f1e-97d32f720a9b,46bdb7f7-e70b-4149-8941-9e5efa7b10d3,23.014945277370877,7.182126009313094,8.422183980309654,2024-06-23 00:00:00.005426+00:00,2024-06-23 00:00:00.005426+00:00,
b09d5a01-0a52-48ef-8bb5-b2a7bb9d3c2a,f7ecf315-c5e8-4e19-a984-572261cb2cf9,26.341347075300767,7.630873447040387,8.32240706937585,2024-06-23 00:00:00.006599+00:00,2024-06-23 00:00:00.006599+00:00,
c239ff9a-9ee8-4600-b2d2-9a525b2fe52e,aa7cfcd1-95d9-478b-aab8-3b63113f4c82,21.769349640355983,6.057849720894816,8.199367942238254,2024-06-23 00:00:00.007925+00:00,2024-06-23 00:00:00.007925+00:00,
963e5cb0-05a1-4292-9696-4d2e0124cbc0,edafc712-551c-4991-b148-2c5890eb34d9,28.90893925694531,7.909456384817697,8.386017916831626,2024-06-23 00:00:00.009455+00:00,2024-06-23 00:00:00.009455+00:00,
4af516f0-75c8-4715-9d8d-f4723f10a4a2,80551d19-16a2-4d15-bc59-9082416a1804,28.02492818987737,7.773763695061484,7.207629699481719,2024-06-23 00:00:00.010839+00:00,2024-06-23 00:00:00.010839+00:00,
4dab502c-8dcc-49ad-b294-8f83b0d0313b,6e64f138-a094-4780-b34a-b1d0a00430f2,22.19722481474556,7.3231716237130255,8.515782528346136,2024-06-23 00:00:00.012352+00:00,2024-06-23 00:00:00.012352+00:00,
2ef7bd7c-f9dc-4def-856e-0bee0c7ae2b2,bbd1262f-dcf3-4380-a226-dffc69566b7e,25.739394396950267,7.5429166912168615,7.521840022844647,2024-06-24 00:00:00.002175+00:00,2024-06-24 00:00:00.002175+00:00,
df0a0283-daa3-4cb3-bf54-d0d246ed63e8,2534e423-24e0-4751-8073-ebcd19061a9b,29.617313845122542,6.365703740556487,7.744452365506064,2024-06-22 00:00:00.006562+00:00,2024-06-23 15:12:03.663846+00:00,
8402cc79-1d46-4664-8bfa-e656fd2ae03b,b8fe9427-baad-42d5-911f-95c296898f97,22.39155132354972,7.507503862923086,6.560973469381505,2024-06-24 00:00:00.004220+00:00,2024-06-24 00:00:00.004220+00:00,
1adbf346-44ec-4a5a-b049-740843eed9ff,6f33896a-319a-4048-b0db-8aefb3854fba,23.321898717231424,7.512884257494238,7.488722636578002,2024-06-24 00:00:00.005680+00:00,2024-06-24 00:00:00.005680+00:00,
8b9dbc4d-abc3-4962-8956-8eb85a5de07c,ac854a7c-b575-45dd-b66c-c22181078a03,23.933162141927326,7.32392587994025,7.2859917332172195,2024-06-24 00:00:00.006934+00:00,2024-06-24 00:00:00.006934+00:00,
33087c61-f309-4b41-ac77-7f69187336f7,da962728-f13e-46b7-9398-716ab0676ea5,22.945206903697613,6.368205132203845,7.831426139488608,2024-06-24 00:00:00.008529+00:00,2024-06-24 00:00:00.008529+00:00,
0a8dbddb-6a3d-403b-9338-6889958a3325,1e7ec075-c89c-48f7-92be-2850e7637b01,27.098011012947232,7.71252826226857,7.275331228816183,2024-06-24 00:00:00.009800+00:00,2024-06-24 00:00:00.009800+00:00,
5b91e8ac-07e6-4e7a-b005-c0541d9772a8,4aee00ef-6442-4985-9c49-4f931208c6ee,22.411625104090028,7.109375690358298,8.004595553986727,2024-06-24 00:00:00.011481+00:00,2024-06-24 00:00:00.011481+00:00,
eaf2b35b-fd24-46cf-a9ae-ca4bab0b43bf,246e1da9-7c1c-4225-93e3-f39613896aa3,23.583395815327904,6.206393937893893,8.16757280058102,2024-06-24 00:00:00.013177+00:00,2024-06-24 00:00:00.013177+00:00,
2aaadbaf-f502-42fa-a7ef-3f7eaa9da52f,884f2bb7-7780-4f9a-84db-f9653ec05659,29.906281027518418,7.97910729759572,6.597655702772501,2024-06-24 00:00:00.014710+00:00,2024-06-24 00:00:00.014710+00:00,
75e8af76-f805-4afc-844f-ff4de989ad55,ffdf950b-1dbc-438e-8ae2-a6dab02df64b,25.060782570663346,6.51873301728372,8.665302761958625,2024-06-24 00:00:00.016349+00:00,2024-06-24 00:00:00.016349+00:00,
aaf9370f-1cf0-4773-ab71-00ea9bc056e8,9d108882-6463-48bb-ad9f-be9e2320cbdf,26.216337164556187,6.24264713468591,6.040177703501189,2024-06-24 00:00:00.017830+00:00,2024-06-24 00:00:00.017830+00:00,
615f1ca1-35ec-4a4a-b503-51d29cc239ef,635d9409-5c95-466d-99d3-0a12b47ad755,29.257762893006273,6.341421616461903,7.752629810340477,2024-06-24 00:00:00.019132+00:00,2024-06-24 00:00:00.019132+00:00,
bb1930d7-de04-47c0-851c-780e8f518859,82f665df-dede-413f-b4df-7c40986a657c,21.714245015857077,6.791729597811719,6.053863619807629,2024-06-24 00:00:00.020704+00:00,2024-06-24 00:00:00.020704+00:00,
dcec8f32-b1e6-4f5f-907e-8af107e2761a,33fc9817-1be1-4512-baf9-e679dcdbde46,29.080679922935616,7.940932410341838,6.196930057493101,2024-06-24 00:00:00.022046+00:00,2024-06-24 00:00:00.022046+00:00,
d8060144-c839-42ce-993a-ff3d16978f75,33e0e421-c97f-4996-87a1-b07570e6b265,26.33135962370902,7.6846850101154835,6.255859363219218,2024-06-24 00:00:00.023668+00:00,2024-06-24 00:00:00.023668+00:00,
6e29a1ce-9caa-4655-8a31-8e6091c626ba,2878bfaf-799a-4d7e-818e-9dd5cb0e18ee,26.279903729877574,6.625876395359084,8.430333543255454,2024-06-24 00:00:00.025075+00:00,2024-06-24 00:00:00.025075+00:00,
1029f7c9-bafa-4b9a-aaa8-a70bcd830336,7fe8eeed-887f-45ac-bc22-6bf9bc3a78ed,25.505399502223966,6.065612677361986,6.311115665169706,2024-06-24 00:00:00.026509+00:00,2024-06-24 00:00:00.026509+00:00,
4cebe10f-88cc-4921-9596-39ba74023ef5,da1a5ce0-ec59-4ee8-a1ac-2952aec22213,25.01716817027294,6.120205359861779,8.692199560410852,2024-06-24 00:00:00.028442+00:00,2024-06-24 00:00:00.028442+00:00,
affda440-c5f0-4432-9cd5-a23363f044f1,26f5c87a-918c-4871-91ba-632febeec738,21.79321860306441,7.308310041124925,6.858082170137249,2024-06-24 00:00:00.029960+00:00,2024-06-24 00:00:00.029960+00:00,
67d13f2c-e10f-43fd-8d62-3f4b8682ff60,ed813024-84d7-4f7e-a7cd-a00ba583b442,24.116251751081844,6.968126218184414,6.6447087443405435,2024-06-24 00:00:00.031178+00:00,2024-06-24 00:00:00.031178+00:00,
6416ebca-d842-400b-8141-e7fd0ac94010,931f757a-721a-413c-86a6-cc01ca3af53d,28.841894386867935,7.393961530035092,8.850144623608873,2024-06-24 00:00:00.032695+00:00,2024-06-24 00:00:00.032695+00:00,
